depth(m),cone penetration resistance (qc (MPa)),sleeve friction(kPa),total cone resistance (tc(Mpa)),friction ratio (%),bulk density (kN/m³),effective vertical stress(kPa),pore water pressure (kPa),total vertical stress (kPa),normalised cone resistance(-),normalised cone resistance corrected for overburden (-),normalised friction ratio (%),void ratio,Soil Class
0.01,1.12,0,1.12,0,19,0.19,0,0.19,5896.82,22.11,0,1,Class 1: Gravelly sand to dense sand
0.01,0,0,0,0,19,0.19,0.1,0.09,37.11,0.07,0,1,Class 1: Gravelly sand to dense sand
0.01,0.02,0,0.02,0,19,0.19,0.1,0.09,223.18,223.18,0,1,Class 1: Gravelly sand to dense sand
0.02,0.7,0,1.67,0,19,0.38,0.2,0.18,9065.76,1001,0,1,Class 1: Gravelly sand to dense sand
0.02,3.1,0,3.1,0,19,0.38,0,0.38,8160.5,61.21,0,1,Class 1: Gravelly sand to dense sand
0.02,0,0,0,0,19,0.38,0.2,0.18,17.52,0.06,0,1,Class 1: Gravelly sand to dense sand
0.02,0.02,0,0.02,0,19,0.38,0.2,0.18,89.52,89.52,0,1,Class 1: Gravelly sand to dense sand
0.02,2,1,2.48,0.04,19,0.38,0.2,0.18,13509,15.53,0.04,-0.07,Class 3: Silty sand to sandy silt
0.03,2.5,0,2.5,0,19,0.57,0,0.57,4392.83,49.42,0,1,Class 1: Gravelly sand to dense sand
0.03,0.01,0,0.01,0,19,0.57,0.29,0.28,42.55,42.55,0,1,Class 1: Gravelly sand to dense sand
0.03,0.01,0.2,0.01,3.17,19,0.57,0.29,0.28,20.78,0.11,3.49,1,Class 6: Organic soil / peat
0.04,2.85,1,2.99,0.03,19,0.76,0.39,0.37,8140.84,185.53,0.03,0.33,Class 1: Gravelly sand to dense sand
0.04,3.3,1,3.26,0.03,19,0.76,0.39,0.37,8866.27,195.75,0.03,0.32,Class 1: Gravelly sand to dense sand
0.04,3.45,0,3.18,0,19,0.76,0.39,0.37,8639.57,1001,0,1,Class 1: Gravelly sand to dense sand
0.04,3.84,0,3.84,0,19,0.76,0,0.76,5048.98,75.74,0,1,Class 1: Gravelly sand to dense sand
0.04,0.01,0,0.02,0,19,0.76,0.39,0.37,39.37,39.37,0,1,Class 1: Gravelly sand to dense sand
0.04,0.01,0.3,0.01,3.33,19,0.76,0.39,0.37,22.42,0.16,3.64,1,Class 6: Organic soil / peat
0.05,5.82,0,5.82,0,19,0.95,0,0.95,6128.19,114.91,0,1,Class 1: Gravelly sand to dense sand
0.05,0.02,0,0.02,0,19,0.95,0.49,0.46,50.74,50.74,0,1,Class 1: Gravelly sand to dense sand
0.05,0.01,0.5,0.01,3.5,19,0.95,0.49,0.46,29.05,0.26,3.75,1,Class 6: Organic soil / peat
0.06,4.8,1,4.76,0.06,19,1.14,0.59,0.55,8627.48,205.79,0.06,0.28,Class 1: Gravelly sand to dense sand
0.06,4.3,1,4.79,0.02,19,1.14,0.59,0.55,8687.93,237.87,0.02,0.31,Class 1: Gravelly sand to dense sand
0.06,5.2,0,5.59,0,19,1.14,0.59,0.55,10138.79,1001,0,1,Class 1: Gravelly sand to dense sand
0.06,7.97,0,7.97,0,19,1.14,0,1.14,6993.76,157.37,0,1,Class 1: Gravelly sand to dense sand
0.06,0.06,1,0.06,1.55,19,1.14,0.59,0.55,114.91,1.25,1.58,1,Class 6: Organic soil / peat
0.07,8.29,-10.3,8.29,-0.12,19,1.33,0,1.33,6230.48,163.56,-0.12,1,Class 1: Gravelly sand to dense sand
0.07,0.07,1.4,0.07,1.95,19,1.33,0.69,0.64,109.39,1.39,1.99,1,Class 6: Organic soil / peat
0.08,6.4,6,6.12,0.07,19,1.52,0.78,0.74,8326.73,226.79,0.07,0.27,Class 1: Gravelly sand to dense sand
0.08,6.55,1,5.96,0.05,19,1.52,0.78,0.74,8100.04,223.41,0.05,0.27,Class 1: Gravelly sand to dense sand
0.08,7.9,0,8.34,0,19,1.52,0.78,0.74,11341.78,1001,0,1,Class 1: Gravelly sand to dense sand
0.08,7.93,-11.7,7.93,-0.15,19,1.52,0,1.52,5215.62,156.48,-0.15,1,Class 1: Gravelly sand to dense sand
0.09,0.08,1.9,0.08,2.41,19,1.71,0.88,0.83,93.33,1.52,2.46,1,Class 6: Organic soil / peat
0.1,6.9,6,6.91,0.1,19,1.9,0.98,0.92,7511.53,239.52,0.1,0.27,Class 1: Gravelly sand to dense sand
0.1,6.75,7,6.91,0.07,19,1.9,0.98,0.92,7511.53,243.02,0.07,0.27,Class 1: Gravelly sand to dense sand
0.1,11.65,0,12.41,0,19,1.9,0.98,0.92,13496.3,1001,0,1,Class 1: Gravelly sand to dense sand
0.1,9.12,10.1,9.12,0.11,19,1.9,0,1.9,4797.59,179.92,0.11,0.32,Class 1: Gravelly sand to dense sand
0.1,0.08,2.5,0.08,3.03,19,1.9,0.98,0.92,87.7,1.59,3.1,1,Class 6: Organic soil / peat
0.11,10.26,13.2,10.26,0.13,19,2.09,0,2.09,4908.39,202.49,0.13,0.31,Class 1: Gravelly sand to dense sand
0.11,0.09,3,0.09,3.49,19,2.09,1.08,1.01,83.01,1.66,3.58,1,Class 6: Organic soil / peat
0.12,7.1,8,7.45,0.11,19,2.28,1.18,1.1,6756.49,254.22,0.11,0.27,Class 1: Gravelly sand to dense sand
0.12,7.1,6,7.32,0.08,19,2.28,1.18,1.1,6635.58,244.96,0.08,0.27,Class 1: Gravelly sand to dense sand
0.12,17.35,0,17.87,0.01,19,2.28,1.18,1.1,16202.14,496.45,0.01,0.23,Class 1: Gravelly sand to dense sand
0.12,11.4,16.3,11.4,0.14,19,2.28,0,2.28,5000.77,225.05,0.14,0.3,Class 1: Gravelly sand to dense sand
0.12,0.09,4.2,0.09,4.51,19,2.28,1.18,1.1,82.44,1.79,4.62,1,Class 6: Organic soil / peat
0.13,15.94,41,15.94,0.26,19,2.47,0,2.47,6452.45,314.58,0.26,0.29,Class 1: Gravelly sand to dense sand
0.13,0.73,-2.5,0.69,-0.08,19,2.47,1.28,1.19,577.8,577.8,-0.08,1,Class 1: Gravelly sand to dense sand
0.13,0.12,7.4,0.12,6.07,19,2.47,1.28,1.19,99.97,2.36,6.2,1,Class 6: Organic soil / peat
0.14,8,10,7.75,0.14,19,2.66,1.37,1.29,6022.86,261.78,0.14,0.28,Class 1: Gravelly sand to dense sand
0.14,7.75,4,7.69,0.07,19,2.66,1.37,1.29,5971.04,238.39,0.07,0.26,Class 1: Gravelly sand to dense sand
0.14,24.25,8,22.94,0.05,19,2.66,1.37,1.29,17823.99,465.29,0.05,0.17,Class 1: Gravelly sand to dense sand
0.14,0.75,-0.5,0.81,-0.06,19,2.66,1.37,1.29,624.93,624.93,-0.06,1,Class 1: Gravelly sand to dense sand
0.14,0.12,40.8,0.12,35.02,19,2.66,1.37,1.29,88.48,2.25,35.84,1,Class 6: Organic soil / peat
0.15,0.14,45.4,0.14,33.56,19,2.85,1.47,1.38,96.08,2.61,34.28,1,Class 6: Organic soil / peat
0.16,7.75,15,8.87,0.15,19,3.04,1.57,1.47,6028.04,273.15,0.15,0.27,Class 1: Gravelly sand to dense sand
0.16,7.8,6,8.27,0.06,19,3.04,1.57,1.47,5619.99,249.81,0.06,0.26,Class 1: Gravelly sand to dense sand
0.16,26.8,26,25.05,0.18,19,3.04,1.57,1.47,17034.11,544.3,0.18,0.19,Class 1: Gravelly sand to dense sand
0.16,0.15,50.1,0.15,32.49,19,3.04,1.57,1.47,102.8,2.98,33.14,1,Class 6: Organic soil / peat
0.17,0.15,50.3,0.15,34.64,19,3.23,1.67,1.56,90.87,2.8,35.43,1,Class 6: Organic soil / peat
0.18,10.4,16,9.88,0.13,19,3.42,1.77,1.65,5971.62,280.09,0.13,0.26,Class 1: Gravelly sand to dense sand
0.18,8.8,4,8.83,0.06,19,3.42,1.77,1.65,5336.87,248.75,0.06,0.25,Class 1: Gravelly sand to dense sand
0.18,23.65,99,23.35,0.38,19,3.42,1.77,1.65,14112.51,634.78,0.38,0.25,Class 1: Gravelly sand to dense sand
0.18,0.16,50.5,0.16,31.17,19,3.42,1.77,1.65,95.87,3.13,31.85,1,Class 6: Organic soil / peat
0.19,0.18,52.3,0.18,29.25,19,3.61,1.86,1.75,100.33,3.46,29.85,1,Class 6: Organic soil / peat
0.2,11,8,11.26,0.09,19,3.8,1.96,1.84,6125.97,287.22,0.09,0.24,Class 1: Gravelly sand to dense sand
0.2,9.4,6,9.35,0.06,19,3.8,1.96,1.84,5083.17,260.04,0.06,0.26,Class 1: Gravelly sand to dense sand
0.2,19.1,143,19.76,0.65,19,3.8,1.96,1.84,10750.56,681.2,0.65,0.31,Class 1: Gravelly sand to dense sand
0.2,0.22,52.1,0.22,24.22,19,3.8,1.96,1.84,114.96,4.17,24.66,1,Class 6: Organic soil / peat
0.22,11.85,7,12.01,0.16,19,4.18,2.16,2.02,5939.01,313.49,0.16,0.25,Class 1: Gravelly sand to dense sand
0.22,9.3,7,9.53,0.1,19,4.18,2.16,2.02,4710.73,257.41,0.1,0.26,Class 1: Gravelly sand to dense sand
0.24,12.6,41,13.29,0.23,19,4.56,2.35,2.21,6025.02,363.82,0.23,0.27,Class 1: Gravelly sand to dense sand
0.24,9.3,15,9.53,0.13,19,4.56,2.35,2.21,4317.24,267.9,0.13,0.27,Class 1: Gravelly sand to dense sand
0.24,1.26,31.8,1.26,2.53,19,4.56,2.35,2.21,568.53,24.75,2.54,0.86,Class 4: Clayey silt to silty clay
0.26,14.8,45,14.39,0.3,19,4.94,2.55,2.39,6021.06,395.9,0.3,0.27,Class 1: Gravelly sand to dense sand
0.26,9.35,16,9.51,0.19,19,4.94,2.55,2.39,3977.31,272.74,0.19,0.28,Class 1: Gravelly sand to dense sand
0.26,0.71,20,0.71,2.83,19,4.94,2.55,2.39,293.53,13.84,2.85,0.94,Class 4: Clayey silt to silty clay
0.28,15.1,43,14.97,0.28,19,5.32,2.75,2.57,5816.89,393.97,0.28,0.27,Class 1: Gravelly sand to dense sand
0.28,9.2,23,9.59,0.24,19,5.32,2.75,2.57,3724.81,287.71,0.24,0.3,Class 1: Gravelly sand to dense sand
0.3,14.3,37,14.49,0.27,19,5.7,2.94,2.76,5253.04,379.02,0.27,0.27,Class 1: Gravelly sand to dense sand
0.3,9.5,30,9.51,0.29,19,5.7,2.94,2.76,3445.52,287.54,0.29,0.31,Class 1: Gravelly sand to dense sand
0.3,15.58,59.2,15.58,0.38,19,5.7,0,5.7,2732.86,307.47,0.38,0.34,Class 1: Gravelly sand to dense sand
0.31,0.66,21.7,0.66,3.31,19,5.89,3.04,2.85,228.23,12.83,3.34,0.97,Class 4: Clayey silt to silty clay
0.32,13.3,39,13.34,0.4,19,6.08,3.14,2.94,4532.98,395.69,0.4,0.31,Class 1: Gravelly sand to dense sand
0.32,9.05,29,9.14,0.34,19,6.08,3.14,2.94,3104.8,287.85,0.34,0.33,Class 1: Gravelly sand to dense sand
0.32,0.89,22,0.89,2.48,19,6.08,3.14,2.94,299.08,17.36,2.5,0.9,Class 4: Clayey silt to silty clay
0.33,1.08,22.1,1.08,2.05,19,6.27,3.24,3.03,352.6,21.11,2.07,0.86,Class 4: Clayey silt to silty clay
0.34,11.6,84,12.65,0.53,19,6.46,3.34,3.12,4046.98,407.61,0.53,0.34,Class 1: Gravelly sand to dense sand
0.34,14.73,55.4,14.73,0.38,19,6.46,0,6.46,2279.81,290.7,0.38,0.34,Class 1: Gravelly sand to dense sand
0.35,14.86,51.3,14.86,0.35,19,6.65,0,6.65,2233.89,293.22,0.35,0.33,Class 1: Gravelly sand to dense sand
0.35,1.05,21.8,1.05,2.08,19,6.65,3.43,3.22,324.53,20.6,2.09,0.86,Class 4: Clayey silt to silty clay
0.36,15.1,62,15.68,0.45,19,6.84,3.53,3.31,4738.39,440.84,0.45,0.31,Class 1: Gravelly sand to dense sand
0.36,12.2,79,12.32,0.62,19,6.84,3.53,3.31,3720.78,409.21,0.62,0.35,Class 2: Sand to silty sand
0.36,0.89,17.3,0.89,1.95,19,6.84,3.53,3.31,266.16,17.38,1.96,0.88,Class 4: Clayey silt to silty clay
0.37,0.72,15.2,0.72,2.1,19,7.03,3.63,3.4,210.94,14.16,2.12,0.91,Class 4: Clayey silt to silty clay
0.38,12.25,67,12.42,0.53,19,7.22,3.73,3.49,3553,390.54,0.53,0.34,Class 1: Gravelly sand to dense sand
0.38,18.15,38,16.57,0.32,19,7.22,3.73,3.49,4741.36,419.62,0.32,0.28,Class 1: Gravelly sand to dense sand
0.38,0.69,14.4,0.69,2.09,19,7.22,3.73,3.49,195.57,13.48,2.11,0.92,Class 4: Clayey silt to silty clay
0.39,0.66,14.9,0.66,2.27,19,7.41,3.83,3.58,180.99,12.8,2.3,0.93,Class 4: Clayey silt to silty clay
0.4,11.85,51,12.33,0.41,19,7.6,3.92,3.68,3352.12,358.63,0.41,0.33,Class 1: Gravelly sand to dense sand
0.4,15.5,60,15.48,0.45,19,7.6,3.92,3.68,4209.03,425.48,0.45,0.31,Class 1: Gravelly sand to dense sand
0.4,0.66,15.4,0.66,2.33,19,7.6,3.92,3.68,177.39,12.87,2.36,0.94,Class 4: Clayey silt to silty clay
0.41,0.7,16.6,0.7,2.38,19,7.79,4.02,3.77,182.86,13.6,2.41,0.93,Class 4: Clayey silt to silty clay
0.42,11.9,34,11.83,0.31,19,7.98,4.12,3.86,3062.43,322.42,0.31,0.31,Class 1: Gravelly sand to dense sand
0.42,0.73,19.2,0.73,2.62,19,7.98,4.12,3.86,188.07,14.33,2.64,0.93,Class 4: Clayey silt to silty clay
0.43,0.85,19.2,0.85,2.26,19,8.17,4.22,3.95,212.85,16.6,2.28,0.9,Class 4: Clayey silt to silty clay
0.44,10.7,24,11.08,0.28,19,8.36,4.32,4.04,2737.24,293.93,0.28,0.31,Class 1: Gravelly sand to dense sand
0.46,9.55,34,10.13,0.45,19,8.74,4.51,4.23,2393.02,307.84,0.45,0.35,Class 2: Sand to silty sand
0.46,4.51,63.1,4.51,1.4,19,8.74,0,8.74,514.83,88.82,1.4,0.63,Class 3: Silty sand to sandy silt
0.47,4.46,62,4.46,1.39,19,8.93,0,8.93,498.65,87.89,1.39,0.63,Class 3: Silty sand to sandy silt
0.47,1.01,18.6,1.01,1.84,19,8.93,4.61,4.32,232.02,19.78,1.86,0.86,Class 4: Clayey silt to silty clay
0.48,9,78,9.24,0.68,19,9.12,4.71,4.41,2092.6,314.22,0.68,0.4,Class 2: Sand to silty sand
0.48,4.15,60.8,4.15,1.47,19,9.12,0,9.12,453.81,81.69,1.47,0.65,Class 3: Silty sand to sandy silt
0.49,3.75,61.5,3.75,1.64,19,9.31,0,9.31,402.04,73.88,1.64,0.67,Class 3: Silty sand to sandy silt
0.5,8,76,8.06,1.03,19,9.5,4.91,4.6,1750.92,317.16,1.03,0.45,Class 2: Sand to silty sand
0.5,2.95,62.2,2.95,2.11,19,9.5,0,9.5,309.53,58.04,2.12,0.73,Class 3: Silty sand to sandy silt
0.51,2.55,55.8,2.55,2.19,19,9.69,0,9.69,261.83,50.08,2.2,0.75,Class 3: Silty sand to sandy silt
0.51,0.26,32.6,0.26,12.63,19,9.69,5,4.69,53.02,4.91,13.12,1,Class 6: Organic soil / peat
0.52,5.95,94,6.9,1.23,19,9.88,5.1,4.78,1442.51,294.25,1.23,0.48,Class 2: Sand to silty sand
0.52,2.55,49.4,2.55,1.94,19,9.88,0,9.88,256.78,50.08,1.95,0.74,Class 3: Silty sand to sandy silt
0.52,0.25,31.4,0.25,12.64,19,9.88,5.1,4.78,49.93,4.71,13.16,1,Class 6: Organic soil / peat
0.53,2.57,44,2.57,1.71,19,10.07,0,10.07,254.04,50.5,1.72,0.73,Class 3: Silty sand to sandy silt
0.53,0.25,30.1,0.25,11.86,19,10.07,5.2,4.87,50.02,4.81,12.35,1,Class 6: Organic soil / peat
0.54,5.5,85,5.82,1.56,19,10.26,5.3,4.96,1170.37,274.04,1.57,0.52,Class 2: Sand to silty sand
0.54,2.59,39.3,2.59,1.52,19,10.26,0,10.26,251.41,50.91,1.52,0.71,Class 3: Silty sand to sandy silt
0.55,2.65,38,2.65,1.43,19,10.45,0,10.45,252.75,52.13,1.44,0.7,Class 3: Silty sand to sandy silt
0.56,4.7,94,5.02,1.99,19,10.64,5.49,5.15,972.72,259.48,1.99,0.56,Class 2: Sand to silty sand
0.56,2.6,36.6,2.6,1.41,19,10.64,0,10.64,243.06,51.05,1.42,0.71,Class 3: Silty sand to sandy silt
0.57,2.31,35.4,2.31,1.53,19,10.83,0,10.83,212.26,45.37,1.54,0.73,Class 3: Silty sand to sandy silt
0.57,0.73,22.5,0.73,3.08,19,10.83,5.59,5.24,137.39,14.21,3.13,0.95,Class 4: Clayey silt to silty clay
0.58,3.5,120,4.22,2.62,19,11.02,5.69,5.33,788.71,244.92,2.62,0.6,Class 2: Sand to silty sand
0.58,2.28,35.3,2.28,1.55,19,11.02,0,11.02,206.17,44.85,1.55,0.73,Class 3: Silty sand to sandy silt
0.59,2.29,38.1,2.29,1.67,19,11.21,0,11.21,202.92,44.9,1.67,0.74,Class 3: Silty sand to sandy silt
0.6,3.05,117,3.51,2.92,19,11.4,5.89,5.51,635.1,216.08,2.93,0.63,Class 2: Sand to silty sand
0.6,2.19,40.9,2.19,1.87,19,11.4,0,11.4,191.31,43.05,1.88,0.76,Class 3: Silty sand to sandy silt
0.61,2.11,43.9,2.11,2.08,19,11.59,0,11.59,180.75,41.35,2.1,0.77,Class 3: Silty sand to sandy silt
0.62,15.4,89,15.18,0.46,19,11.78,6.08,5.7,2661.83,383.4,0.46,0.33,Class 1: Gravelly sand to dense sand
0.62,2.55,71,3.16,2.8,19,11.78,6.08,5.7,552.83,193.3,2.81,0.63,Class 3: Silty sand to sandy silt
0.62,2.05,44.1,2.05,2.15,19,11.78,0,11.78,173.17,40.27,2.16,0.78,Class 3: Silty sand to sandy silt
0.62,0.6,45,0.64,7.03,19,11.78,6.08,5.7,110.22,72.53,7.16,0.85,Class 4: Clayey silt to silty clay
0.63,1.99,46.8,1.99,2.35,19,11.97,0,11.97,165.22,39.04,2.37,0.79,Class 3: Silty sand to sandy silt
0.63,0.58,44.8,0.58,7.63,19,11.97,6.18,5.79,98.11,68.03,7.79,0.87,Class 4: Clayey silt to silty clay
0.64,2.4,78,2.91,2.61,19,12.16,6.28,5.88,492.7,174.68,2.62,0.64,Class 3: Silty sand to sandy silt
0.64,1.85,66,2.41,2.77,19,12.16,6.28,5.88,407.68,153.37,2.78,0.66,Class 3: Silty sand to sandy silt
0.64,1.88,49.1,1.88,2.61,19,12.16,0,12.16,153.68,36.89,2.63,0.81,Class 3: Silty sand to sandy silt
0.64,0.55,43,0.55,7.49,19,12.16,6.28,5.88,91.87,64.44,7.66,0.88,Class 4: Clayey silt to silty clay
0.65,1.7,44.8,1.69,2.64,19,12.35,0,12.35,136.24,33.21,2.66,0.83,Class 3: Silty sand to sandy silt
0.65,0.52,36.4,0.52,7.51,19,12.35,6.38,5.97,84.82,60.75,7.7,0.88,Class 4: Clayey silt to silty clay
0.65,0.1,5.1,0.1,5.27,19,12.35,6.38,5.97,14.14,1.67,6.04,1,Class 6: Organic soil / peat
0.66,2.25,79,2.83,2.9,19,12.54,6.47,6.07,463.69,173.24,2.92,0.65,Class 3: Silty sand to sandy silt
0.66,1.9,73,2.42,2.96,19,12.54,6.47,6.07,397.74,154.54,2.97,0.66,Class 3: Silty sand to sandy silt
0.66,1.7,46,1.69,2.72,19,12.54,0,12.54,134.01,33.17,2.74,0.83,Class 3: Silty sand to sandy silt
0.66,0.48,37.6,0.49,7.48,19,12.54,6.47,6.07,78.19,57.09,7.68,0.89,Class 4: Clayey silt to silty clay
0.66,0.05,4.9,0.05,9.42,19,12.54,6.47,6.07,6.51,0.78,12.42,1,Class 6: Organic soil / peat
0.67,1.73,47.2,1.72,2.74,19,12.73,0,12.73,134.35,33.76,2.76,0.83,Class 3: Silty sand to sandy silt
0.67,0.46,35.3,0.46,7.73,19,12.73,6.57,6.16,72.14,54.23,7.95,0.9,Class 4: Clayey silt to silty clay
0.67,0.05,4.9,0.05,10.89,19,12.73,6.57,6.16,5.24,0.64,15.18,1,Class 6: Organic soil / peat
0.68,2.25,89,2.79,3.06,19,12.92,6.67,6.25,444.39,171.5,3.07,0.66,Class 3: Silty sand to sandy silt
0.68,1.95,76,2.47,3.09,19,12.92,6.67,6.25,393.72,156.42,3.1,0.67,Class 3: Silty sand to sandy silt
0.68,1.76,49.5,1.75,2.82,19,12.92,0,12.92,134.67,34.34,2.84,0.83,Class 3: Silty sand to sandy silt
0.68,0.43,33.1,0.43,7.89,19,12.92,6.67,6.25,66.45,51.26,8.13,0.91,Class 4: Clayey silt to silty clay
0.68,0.04,4.8,0.04,10.71,19,12.92,6.67,6.25,5.1,0.63,15.06,1,Class 6: Organic soil / peat
0.69,1.7,51.9,1.7,3.06,19,13.11,0,13.11,128.56,33.27,3.08,0.84,Class 3: Silty sand to sandy silt
0.69,0.4,32.9,0.41,8,19,13.11,6.77,6.34,62.44,48.74,8.27,0.91,Class 4: Clayey silt to silty clay
0.69,0.06,4.7,0.06,8.45,19,13.11,6.77,6.34,6.7,0.84,11.06,1,Class 6: Organic soil / peat
0.7,2.25,88,2.77,3.11,19,13.3,6.87,6.43,428.78,168.94,3.13,0.66,Class 3: Silty sand to sandy silt
0.7,1.95,80,2.49,3.17,19,13.3,6.87,6.43,384.74,156.03,3.19,0.67,Class 3: Silty sand to sandy silt
0.7,1.6,39.4,1.6,2.46,19,13.3,0,13.3,119.29,31.32,2.48,0.83,Class 3: Silty sand to sandy silt
0.7,0.4,32.2,0.4,8.05,19,13.3,6.87,6.43,60.59,47.76,8.32,0.91,Class 4: Clayey silt to silty clay
0.7,0.07,4.7,0.07,7.09,19,13.3,6.87,6.43,8.24,1.05,8.87,1,Class 6: Organic soil / peat
0.71,1.77,42.7,1.77,2.42,19,13.49,0,13.49,129.88,34.58,2.44,0.81,Class 3: Silty sand to sandy silt
0.71,0.41,32.2,0.41,7.59,19,13.49,6.97,6.52,61.17,47.38,7.84,0.91,Class 4: Clayey silt to silty clay
0.71,0.12,4.9,0.12,4.14,19,13.49,6.97,6.52,16.06,2.07,4.68,1,Class 6: Organic soil / peat
0.72,2.15,82,2.7,3.19,19,13.68,7.06,6.62,406.49,164.37,3.21,0.67,Class 3: Silty sand to sandy silt
0.72,1.9,81,2.47,3.37,19,13.68,7.06,6.62,371.22,155.45,3.39,0.68,Class 3: Silty sand to sandy silt
0.72,1.93,46,1.93,2.38,19,13.68,0,13.68,140.17,37.85,2.4,0.8,Class 3: Silty sand to sandy silt
0.72,0.43,29.5,0.42,7.31,19,13.68,7.06,6.62,60.84,47.16,7.56,0.91,Class 4: Clayey silt to silty clay
0.73,2.09,62,2.08,2.98,19,13.87,0,13.87,149.09,40.82,3,0.82,Class 3: Silty sand to sandy silt
0.73,0.41,29.6,0.41,6.91,19,13.87,7.16,6.71,58.91,45.39,7.15,0.9,Class 4: Clayey silt to silty clay
0.74,2,89,2.62,3.25,19,14.06,7.26,6.8,382.95,158.69,3.26,0.67,Class 3: Silty sand to sandy silt
0.74,1.85,89,2.44,3.55,19,14.06,7.26,6.8,355.99,153.58,3.57,0.69,Class 3: Silty sand to sandy silt
0.74,3.7,210,4.8,4.09,19,14.06,7.26,6.8,704,277.03,4.1,0.65,Class 3: Silty sand to sandy silt
0.74,1.73,65.1,1.73,3.77,19,14.06,0,14.06,121.9,33.83,3.8,0.87,Class 4: Clayey silt to silty clay
0.74,0.39,25.7,0.39,6.84,19,14.06,7.26,6.8,55.63,43.37,7.09,0.91,Class 4: Clayey silt to silty clay
0.75,1.75,68.2,1.74,3.92,19,14.25,0,14.25,121.04,34.04,3.95,0.87,Class 4: Clayey silt to silty clay
0.75,0.41,4.1,0.41,0.99,19,14.25,7.36,6.89,57.75,7.86,1.03,0.94,Class 4: Clayey silt to silty clay
0.75,0.38,25.2,0.38,6.59,19,14.25,7.36,6.89,53.3,41.62,6.84,0.91,Class 4: Clayey silt to silty clay
0.76,1.95,84,2.53,3.38,19,14.44,7.46,6.98,360.65,154.14,3.4,0.68,Class 3: Silty sand to sandy silt
0.76,1.8,89,2.42,3.64,19,14.44,7.46,6.98,343.94,151.58,3.66,0.69,Class 3: Silty sand to sandy silt
0.76,3.7,191,4.05,5.09,19,14.44,7.46,6.98,577.8,254.48,5.11,0.69,Class 3: Silty sand to sandy silt
0.76,1.76,75.7,1.75,4.32,19,14.44,0,14.44,120.26,34.28,4.36,0.88,Class 4: Clayey silt to silty clay
0.76,0.46,4,0.46,0.88,19,14.44,7.46,6.98,63.38,8.74,0.9,0.92,Class 4: Clayey silt to silty clay
0.76,0.38,24.5,0.37,6.67,19,14.44,7.46,6.98,51.2,40.21,6.94,0.91,Class 4: Clayey silt to silty clay
0.77,2.6,84.2,2.59,3.25,19,14.63,0,14.63,175.83,50.78,3.27,0.8,Class 3: Silty sand to sandy silt
0.77,0.5,4,0.5,0.8,19,14.63,7.55,7.08,68.87,9.62,0.82,0.89,Class 4: Clayey silt to silty clay
0.77,0.36,24.7,0.37,6.61,19,14.63,7.55,7.08,49.58,39.21,6.89,0.91,Class 4: Clayey silt to silty clay
0.78,1.85,84,2.47,3.34,19,14.82,7.65,7.17,341.81,148.22,3.36,0.68,Class 3: Silty sand to sandy silt
0.78,1.8,86,2.4,3.64,19,14.82,7.65,7.17,332.51,148.52,3.66,0.7,Class 3: Silty sand to sandy silt
0.78,2.95,218,3.77,5.21,19,14.82,7.65,7.17,523.17,237.72,5.23,0.7,Class 3: Silty sand to sandy silt
0.78,3.52,81.5,3.51,2.32,19,14.82,0,14.82,236.02,69.04,2.33,0.72,Class 3: Silty sand to sandy silt
0.78,0.47,3.6,0.47,0.77,19,14.82,7.65,7.17,62.96,8.91,0.8,0.9,Class 4: Clayey silt to silty clay
0.78,0.36,23.3,0.36,6.59,19,14.82,7.65,7.17,48.25,38.41,6.87,0.91,Class 4: Clayey silt to silty clay
0.79,3.95,86.2,3.94,2.19,19,15.01,0,15.01,261.68,77.53,2.19,0.7,Class 3: Silty sand to sandy silt
0.79,0.36,23.3,0.36,6.42,19,15.01,7.75,7.26,47.86,37.96,6.7,0.91,Class 4: Clayey silt to silty clay
0.8,1.75,79,2.36,3.34,19,15.2,7.85,7.35,319.39,141.41,3.36,0.69,Class 3: Silty sand to sandy silt
0.8,1.75,87,2.36,3.65,19,15.2,7.85,7.35,319.39,144.87,3.68,0.7,Class 3: Silty sand to sandy silt
0.8,2.8,179,3.31,5.73,19,15.2,7.85,7.35,448.6,217.25,5.76,0.72,Class 3: Silty sand to sandy silt
0.8,3.45,86.6,3.44,2.52,19,15.2,0,15.2,225.24,67.58,2.53,0.74,Class 3: Silty sand to sandy silt
0.8,0.37,23.2,0.37,6.25,19,15.2,7.85,7.35,48.46,38.09,6.51,0.91,Class 4: Clayey silt to silty clay
0.81,2.95,84.7,2.94,2.88,19,15.39,0,15.39,189.95,57.7,2.9,0.77,Class 3: Silty sand to sandy silt
0.81,0.38,23.1,0.38,6.04,19,15.39,7.95,7.44,49.28,38.6,6.29,0.91,Class 4: Clayey silt to silty clay
0.82,1.6,74,2.26,3.27,19,15.58,8.04,7.54,298.06,133.96,3.29,0.69,Class 3: Silty sand to sandy silt
0.82,1.65,86,2.33,3.69,19,15.58,8.04,7.54,306.9,141.63,3.72,0.7,Class 3: Silty sand to sandy silt
0.82,2.3,173,3.03,4.79,19,15.58,8.04,7.54,399.79,188.43,4.81,0.71,Class 3: Silty sand to sandy silt
0.82,3.09,82.8,3.08,2.69,19,15.58,0,15.58,196.58,60.45,2.7,0.76,Class 3: Silty sand to sandy silt
0.82,0.39,22.9,0.39,5.75,19,15.58,8.04,7.54,50.15,38.71,5.99,0.9,Class 4: Clayey silt to silty clay
0.83,2.09,84.6,2.08,4.06,19,15.77,0,15.77,131.03,40.79,4.09,0.85,Class 4: Clayey silt to silty clay
0.83,0.4,21.9,0.41,5.46,19,15.77,8.14,7.63,51.09,38.81,5.68,0.89,Class 4: Clayey silt to silty clay
0.84,1.5,69,2.16,3.27,19,15.96,8.24,7.72,277.74,127.45,3.3,0.7,Class 3: Silty sand to sandy silt
0.84,1.65,85,2.28,3.72,19,15.96,8.24,7.72,292.85,137.49,3.75,0.71,Class 3: Silty sand to sandy silt
0.84,2.05,83,2.79,4.05,19,15.96,8.24,7.72,359.78,165.85,4.07,0.7,Class 3: Silty sand to sandy silt
0.84,1.74,84.7,1.73,4.91,19,15.96,0,15.96,107.12,33.74,4.95,0.9,Class 4: Clayey silt to silty clay
0.84,0.42,21.6,0.42,5.13,19,15.96,8.24,7.72,52.47,39.08,5.33,0.89,Class 4: Clayey silt to silty clay
0.85,1.81,84.8,1.8,4.71,19,16.15,0,16.15,110.48,35.22,4.75,0.89,Class 4: Clayey silt to silty clay
0.85,0.57,7.9,0.57,1.39,19,16.15,8.34,7.81,70.91,10.93,1.43,0.92,Class 4: Clayey silt to silty clay
0.85,0.44,21.3,0.44,4.84,19,16.15,8.34,7.81,54.43,39.7,5.02,0.88,Class 4: Clayey silt to silty clay
0.86,1.4,69,2.11,3.26,19,16.34,8.44,7.9,264.7,123.25,3.28,0.7,Class 3: Silty sand to sandy silt
0.86,1.55,83,2.24,3.7,19,16.34,8.44,7.9,281.57,133.85,3.73,0.71,Class 3: Silty sand to sandy silt
0.86,2.05,83,2.83,2.95,19,16.34,8.44,7.9,355.37,151.62,2.97,0.67,Class 3: Silty sand to sandy silt
0.86,1.88,82.5,1.87,4.4,19,16.34,0,16.34,113.72,36.68,4.44,0.87,Class 4: Clayey silt to silty clay
0.86,0.57,12.2,0.57,2.14,19,16.34,8.44,7.9,70.23,10.96,2.2,0.95,Class 4: Clayey silt to silty clay
0.86,0.46,21.2,0.46,4.58,19,16.34,8.44,7.9,56.5,40.38,4.75,0.87,Class 4: Clayey silt to silty clay
0.87,1.69,80.2,1.68,4.78,19,16.53,0,16.53,100.48,32.78,4.83,0.9,Class 4: Clayey silt to silty clay
0.87,0.57,10.6,0.57,1.85,19,16.53,8.53,8,69.56,10.98,1.91,0.94,Class 4: Clayey silt to silty clay
0.87,0.48,21.1,0.48,4.43,19,16.53,8.53,8,57.62,40.73,4.59,0.86,Class 4: Clayey silt to silty clay
0.88,1.4,68,2.07,3.26,19,16.72,8.63,8.09,254.3,120.14,3.29,0.7,Class 3: Silty sand to sandy silt
0.88,1.5,81,2.17,3.7,19,16.72,8.63,8.09,266.67,128.83,3.72,0.71,Class 3: Silty sand to sandy silt
0.88,2.35,84,3.02,2.89,19,16.72,8.63,8.09,371.77,157.27,2.9,0.66,Class 3: Silty sand to sandy silt
0.88,1.62,80.8,1.61,5.01,19,16.72,0,16.72,95.41,31.49,5.06,0.91,Class 4: Clayey silt to silty clay
0.88,0.59,13.7,0.59,2.33,19,16.72,8.63,8.09,70.59,11.27,2.4,0.96,Class 4: Clayey silt to silty clay
0.88,0.48,21.1,0.49,4.28,19,16.72,8.63,8.09,58.86,41.13,4.43,0.86,Class 4: Clayey silt to silty clay
0.89,1.51,78.4,1.5,5.23,19,16.91,0,16.91,87.68,29.27,5.29,0.92,Class 4: Clayey silt to silty clay
0.89,0.68,17,0.68,2.5,19,16.91,8.73,8.18,81.22,13.11,2.56,0.94,Class 4: Clayey silt to silty clay
0.89,0.51,21.1,0.51,4.13,19,16.91,8.73,8.18,60.52,41.73,4.27,0.85,Class 4: Clayey silt to silty clay
0.9,1.35,66,2.09,3.16,19,17.1,8.83,8.27,250.42,118.36,3.19,0.7,Class 3: Silty sand to sandy silt
0.9,1.4,77,2.12,3.64,19,17.1,8.83,8.27,254.45,124.31,3.67,0.71,Class 3: Silty sand to sandy silt
0.9,2.6,95,3.29,2.66,19,17.1,8.83,8.27,395.51,162.64,2.67,0.65,Class 3: Silty sand to sandy silt
0.9,1.49,76.6,1.48,5.16,19,17.1,0,17.1,85.79,28.96,5.22,0.92,Class 4: Clayey silt to silty clay
0.9,0.71,17.1,0.71,2.39,19,17.1,8.83,8.27,84.31,13.76,2.45,0.93,Class 4: Clayey silt to silty clay
0.91,1.68,69.4,1.67,4.15,19,17.29,0,17.29,95.6,32.63,4.2,0.88,Class 4: Clayey silt to silty clay
0.91,0.75,17.3,0.75,2.31,19,17.29,8.93,8.36,87.33,14.42,2.37,0.92,Class 4: Clayey silt to silty clay
0.92,1.4,64,2.09,3.08,19,17.48,9.03,8.45,244.74,116.13,3.11,0.7,Class 3: Silty sand to sandy silt
0.92,1.35,74,2.07,3.59,19,17.48,9.03,8.45,242.76,119.9,3.62,0.72,Class 3: Silty sand to sandy silt
0.92,1.42,61.8,1.41,4.38,19,17.48,0,17.48,79.7,27.5,4.44,0.91,Class 4: Clayey silt to silty clay
0.92,0.96,17.7,0.96,1.84,19,17.48,9.03,8.45,112.01,18.69,1.87,0.87,Class 4: Clayey silt to silty clay
0.93,1.42,60.3,1.41,4.26,19,17.67,0,17.67,79.06,27.58,4.32,0.91,Class 4: Clayey silt to silty clay
0.94,1.35,63,2.1,3.03,19,17.86,9.22,8.64,241.22,114.9,3.06,0.7,Class 3: Silty sand to sandy silt
0.94,1.3,72,2.04,3.18,19,17.86,9.22,8.64,233.5,113.31,3.21,0.71,Class 3: Silty sand to sandy silt
0.94,1.38,58.8,1.37,4.3,19,17.86,0,17.86,75.58,26.65,4.36,0.91,Class 4: Clayey silt to silty clay
0.95,1.34,59.4,1.33,4.46,19,18.05,0,18.05,72.83,25.95,4.52,0.92,Class 4: Clayey silt to silty clay
0.96,1.35,64,2.08,3.04,19,18.24,9.42,8.82,234.07,112.87,3.07,0.7,Class 3: Silty sand to sandy silt
0.96,1.25,48,2.03,2.77,19,18.24,9.42,8.82,228.41,108.26,2.8,0.69,Class 3: Silty sand to sandy silt
0.96,1.22,56.9,1.22,4.68,19,18.24,0,18.24,65.69,23.65,4.75,0.94,Class 4: Clayey silt to silty clay
0.97,1.24,53.5,1.23,4.36,19,18.43,0,18.43,65.63,23.87,4.42,0.93,Class 4: Clayey silt to silty clay
0.97,1.21,24.7,1.21,2.05,19,18.43,9.52,8.91,133.4,23.47,2.08,0.85,Class 4: Clayey silt to silty clay
0.98,1.3,63,2.08,3.01,19,18.62,9.61,9.01,229.07,111.24,3.04,0.7,Class 3: Silty sand to sandy silt
0.98,1.3,49,2.05,2.38,19,18.62,9.61,9.01,225.37,103.87,2.4,0.68,Class 3: Silty sand to sandy silt
0.98,1.25,54.4,1.24,4.39,19,18.62,0,18.62,65.57,24.1,4.46,0.93,Class 4: Clayey silt to silty clay
0.98,1.03,24.7,1.03,2.39,19,18.62,9.61,9.01,112.8,20.05,2.43,0.88,Class 4: Clayey silt to silty clay
0.99,1.29,51.2,1.29,3.98,19,18.81,0,18.81,67.36,25.01,4.04,0.91,Class 4: Clayey silt to silty clay
0.99,0.86,24.3,0.86,2.82,19,18.81,9.71,9.1,92.61,16.63,2.88,0.92,Class 4: Clayey silt to silty clay
1,1.3,61,2.06,2.96,19,19,9.81,9.19,222.45,108.74,2.98,0.7,Class 3: Silty sand to sandy silt
1,1.3,49,2.11,2.3,19,19,9.81,9.19,227.89,104.58,2.32,0.68,Class 3: Silty sand to sandy silt
1,1.12,51.7,1.11,4.66,19,19,0,19,57.44,21.54,4.74,0.95,Class 4: Clayey silt to silty clay
1,0.97,23.8,0.97,2.46,19,19,9.81,9.19,103.28,18.73,2.51,0.89,Class 4: Clayey silt to silty clay
1.01,1.14,48.9,1.14,4.3,19,19.19,0,19.19,58.22,22.05,4.38,0.94,Class 4: Clayey silt to silty clay
1.01,0.76,22.8,0.76,3,19,19.19,9.91,9.28,79.82,14.62,3.08,0.95,Class 4: Clayey silt to silty clay
1.02,1.25,59,2.08,2.45,19,19.38,10.01,9.37,219.65,103.59,2.48,0.68,Class 3: Silty sand to sandy silt
1.02,1.4,48,2.2,2.2,19,19.38,10.01,9.37,232.1,105.57,2.22,0.67,Class 3: Silty sand to sandy silt
1.02,1.12,45.1,1.12,4.03,19,19.38,0,19.38,56.78,21.72,4.1,0.93,Class 4: Clayey silt to silty clay
1.03,1.14,45.3,1.14,3.99,19,19.57,0,19.57,57.06,22.04,4.06,0.93,Class 4: Clayey silt to silty clay
1.03,0.54,21,0.54,3.86,19,19.57,10.1,9.47,55.17,38.97,4.01,0.85,Class 4: Clayey silt to silty clay
1.04,1.3,33,2.09,2.02,19,19.76,10.2,9.56,216.96,98.77,2.04,0.67,Class 3: Silty sand to sandy silt
1.04,1.5,48,2.31,2.09,19,19.76,10.2,9.56,239.63,107.58,2.11,0.66,Class 3: Silty sand to sandy silt
1.04,1.16,42.4,1.15,3.68,19,19.76,0,19.76,57.34,22.36,3.74,0.92,Class 4: Clayey silt to silty clay
1.04,0.5,20.8,0.5,4.12,19,19.76,10.2,9.56,50.74,37.07,4.29,0.87,Class 4: Clayey silt to silty clay
1.05,1.19,38.7,1.18,3.27,19,19.95,0,19.95,58.34,22.97,3.33,0.9,Class 4: Clayey silt to silty clay
1.05,0.47,20.6,0.48,4.3,19,19.95,10.3,9.65,47.39,35.51,4.49,0.88,Class 4: Clayey silt to silty clay
1.06,1.3,35,2.09,1.66,19,20.14,10.4,9.74,212.65,93.71,1.67,0.65,Class 3: Silty sand to sandy silt
1.06,1.6,49,2.39,2.05,19,20.14,10.4,9.74,243.45,108.99,2.07,0.66,Class 3: Silty sand to sandy silt
1.06,1.09,37.7,1.09,3.46,19,20.14,0,20.14,53.16,21.13,3.52,0.92,Class 4: Clayey silt to silty clay
1.06,0.46,20.2,0.46,4.4,19,20.14,10.4,9.74,45.2,34.44,4.6,0.88,Class 4: Clayey silt to silty clay
1.07,1.01,37.7,1.01,3.75,19,20.33,0,20.33,48.46,19.45,3.83,0.94,Class 4: Clayey silt to silty clay
1.07,0.45,20,0.45,4.4,19,20.33,10.5,9.83,44.15,33.84,4.61,0.89,Class 4: Clayey silt to silty clay
1.08,1.2,36,2.07,1.75,19,20.52,10.59,9.93,206.83,93.23,1.77,0.66,Class 3: Silty sand to sandy silt
1.08,1.6,50,2.44,2.05,19,20.52,10.59,9.93,243.77,109.67,2.07,0.66,Class 3: Silty sand to sandy silt
1.08,2.05,58,2.89,2,19,20.52,10.59,9.93,289.11,124.77,2.01,0.64,Class 3: Silty sand to sandy silt
1.08,0.97,39.5,0.97,4.09,19,20.52,0,20.52,46.11,18.68,4.17,0.95,Class 4: Clayey silt to silty clay
1.08,0.45,19.8,0.45,4.42,19,20.52,10.59,9.93,43.24,33.36,4.63,0.89,Class 4: Clayey silt to silty clay
1.09,0.89,39.6,0.89,4.47,19,20.71,0,20.71,41.75,17.07,4.58,0.97,Class 4: Clayey silt to silty clay
1.09,0.81,19.2,0.81,2.38,19,20.71,10.69,10.02,78.46,15.51,2.44,0.92,Class 4: Clayey silt to silty clay
1.09,0.45,19.8,0.44,4.47,19,20.71,10.69,10.02,42.11,32.78,4.69,0.89,Class 4: Clayey silt to silty clay
1.1,1.2,38,2.06,1.82,19,20.9,10.79,10.11,201.22,92.38,1.84,0.66,Class 3: Silty sand to sandy silt
1.1,1.6,51,2.47,1.89,19,20.9,10.79,10.11,242.43,107.82,1.9,0.65,Class 3: Silty sand to sandy silt
1.1,1.85,62,2.71,2.27,19,20.9,10.79,10.11,265.52,120.63,2.29,0.66,Class 3: Silty sand to sandy silt
1.1,0.85,37.8,0.84,4.47,19,20.9,0,20.9,39.42,16.26,4.59,0.98,Class 4: Clayey silt to silty clay
1.1,0.79,19.2,0.79,2.42,19,20.9,10.79,10.11,76.32,15.23,2.49,0.92,Class 4: Clayey silt to silty clay
1.1,0.43,19.7,0.43,4.54,19,20.9,10.79,10.11,40.41,31.69,4.77,0.89,Class 4: Clayey silt to silty clay
1.11,0.87,37.6,0.87,4.34,19,21.09,0.1,20.99,40.3,16.7,4.44,0.97,Class 4: Clayey silt to silty clay
1.11,0.7,19.2,0.7,2.76,19,21.09,10.89,10.2,66.12,13.31,2.85,0.95,Class 4: Clayey silt to silty clay
1.11,0.41,19,0.41,4.58,19,21.09,10.89,10.2,38.27,30.48,4.83,0.9,Class 4: Clayey silt to silty clay
1.12,1.2,38,2.07,1.8,19,21.28,10.99,10.29,199.04,91.9,1.82,0.66,Class 3: Silty sand to sandy silt
1.12,1.65,39,2.54,1.72,19,21.28,10.99,10.29,244.38,106.95,1.74,0.64,Class 3: Silty sand to sandy silt
1.12,1.65,64,2.49,2.35,19,21.28,10.99,10.29,239.53,112.53,2.37,0.67,Class 3: Silty sand to sandy silt
1.12,0.89,37.4,0.89,4.21,19,21.28,0.2,21.08,41.17,17.14,4.31,0.97,Class 4: Clayey silt to silty clay
1.12,0.73,19.1,0.73,2.61,19,21.28,10.99,10.29,68.99,14.02,2.69,0.94,Class 4: Clayey silt to silty clay
1.12,0.39,17.9,0.39,4.66,19,21.28,10.99,10.29,36.05,29.22,4.92,0.91,Class 4: Clayey silt to silty clay
1.13,1.02,38.3,1.02,3.75,19,21.47,0.29,21.18,47.21,19.73,3.83,0.94,Class 4: Clayey silt to silty clay
1.13,0.65,17.9,0.65,2.76,19,21.47,11.09,10.38,60.42,12.38,2.85,0.96,Class 4: Clayey silt to silty clay
1.13,0.37,17.9,0.37,4.75,19,21.47,11.09,10.38,33.76,27.92,5.04,0.92,Class 4: Clayey silt to silty clay
1.14,1.2,36,2.1,1.73,19,21.66,11.18,10.48,198.54,91.37,1.75,0.66,Class 3: Silty sand to sandy silt
1.14,1.35,49,2.32,2.36,19,21.66,11.18,10.48,219.22,105.48,2.38,0.68,Class 3: Silty sand to sandy silt
1.14,1.21,39.1,1.2,3.25,19,21.66,0.39,21.27,55.57,23.33,3.31,0.9,Class 4: Clayey silt to silty clay
1.14,0.35,17.2,0.35,4.92,19,21.66,11.18,10.48,31.5,26.68,5.24,0.93,Class 4: Clayey silt to silty clay
1.15,1.28,38.3,1.28,3,19,21.85,0.49,21.36,58.77,24.78,3.05,0.88,Class 4: Clayey silt to silty clay
1.15,0.33,16.8,0.33,5.02,19,21.85,11.28,10.57,29.4,25.43,5.37,0.94,Class 4: Clayey silt to silty clay
1.16,1.25,35,2.15,1.61,19,22.04,11.38,10.66,199.61,90.92,1.63,0.65,Class 3: Silty sand to sandy silt
1.16,1.3,51,2.2,2.29,19,22.04,11.38,10.66,204.3,99.53,2.31,0.68,Class 3: Silty sand to sandy silt
1.16,1.18,41.9,1.18,3.55,19,22.04,0.59,21.45,54.01,22.87,3.62,0.91,Class 4: Clayey silt to silty clay
1.16,0.32,16.1,0.32,5.16,19,22.04,11.38,10.66,27.56,24.34,5.55,0.94,Class 4: Clayey silt to silty clay
1.17,1.17,45.6,1.17,3.89,19,22.23,0.69,21.54,53.43,22.72,3.96,0.92,Class 4: Clayey silt to silty clay
1.17,0.3,16,0.3,5.26,19,22.23,11.48,10.75,26.2,23.52,5.68,0.95,Class 4: Clayey silt to silty clay
1.18,1.3,33,2.27,1.46,19,22.42,11.58,10.84,206.8,92.08,1.47,0.64,Class 3: Silty sand to sandy silt
1.18,1.25,51,2.15,2.36,19,22.42,11.58,10.84,196.04,97.37,2.38,0.69,Class 3: Silty sand to sandy silt
1.18,1.1,45.5,1.1,4.12,19,22.42,0.78,21.64,49.98,21.34,4.21,0.94,Class 4: Clayey silt to silty clay
1.18,0.29,15.9,0.3,5.37,19,22.42,11.58,10.84,25.3,23,5.81,0.96,Class 4: Clayey silt to silty clay
1.19,1.08,44.4,1.08,4.12,19,22.61,0.88,21.73,48.53,20.81,4.21,0.94,Class 4: Clayey silt to silty clay
1.19,0.29,15.9,0.29,5.47,19,22.61,11.67,10.94,24.52,22.55,5.93,0.96,Class 4: Clayey silt to silty clay
1.2,1.5,31,2.46,1.12,19,22.8,11.77,11.03,221.3,92.34,1.13,0.61,Class 2: Sand to silty sand
1.2,1.15,50,2.11,2.37,19,22.8,11.77,11.03,189.57,95.27,2.39,0.69,Class 3: Silty sand to sandy silt
1.2,1.05,43.4,1.05,4.15,19,22.8,0.98,21.82,46.91,20.2,4.24,0.95,Class 4: Clayey silt to silty clay
1.2,0.28,15.9,0.29,5.56,19,22.8,11.77,11.03,23.87,22.16,6.04,0.97,Class 4: Clayey silt to silty clay
1.21,0.99,43.3,0.99,4.36,19,22.99,1.08,21.91,44.23,19.13,4.47,0.96,Class 4: Clayey silt to silty clay
1.21,0.28,15.9,0.28,5.65,19,22.99,11.87,11.12,23.17,21.86,6.16,0.97,Class 4: Clayey silt to silty clay
1.22,1.8,19,2.68,0.88,19,23.18,11.97,11.21,236.82,93.7,0.89,0.58,Class 2: Sand to silty sand
1.22,1.15,49,2.06,2.43,19,23.18,11.97,11.21,181.82,93.02,2.45,0.7,Class 3: Silty sand to sandy silt
1.22,1.1,44.4,1.1,4.05,19,23.18,1.18,22,48.79,21.19,4.14,0.94,Class 4: Clayey silt to silty clay
1.22,0.28,15.8,0.28,5.68,19,23.18,11.97,11.21,22.75,21.57,6.2,0.98,Class 4: Clayey silt to silty clay
1.23,0.98,45.5,0.98,4.64,19,23.37,1.28,22.09,43.29,18.88,4.76,0.97,Class 4: Clayey silt to silty clay
1.23,0.28,15.7,0.28,5.67,19,23.37,12.07,11.3,22.44,21.34,6.19,0.98,Class 4: Clayey silt to silty clay
1.24,1.9,21,2.84,0.75,19,23.56,12.16,11.4,247.44,94.79,0.76,0.56,Class 2: Sand to silty sand
1.24,1.05,51,2.03,2.48,19,23.56,12.16,11.4,175.78,91.37,2.51,0.7,Class 3: Silty sand to sandy silt
1.24,0.28,15.6,0.28,5.66,19,23.56,12.16,11.4,22.13,21.1,6.18,0.98,Class 4: Clayey silt to silty clay
1.24,0.81,45,0.81,5.59,19,23.56,1.37,22.19,35.24,15.43,5.76,1,Class 5: Clay
1.25,0.27,15.5,0.27,5.66,19,23.75,12.26,11.49,21.84,20.89,6.19,0.98,Class 4: Clayey silt to silty clay
1.25,0.75,46,0.75,6.16,19,23.75,1.47,22.28,32.47,14.28,6.36,1,Class 5: Clay
1.26,1.95,24,2.91,0.8,19,23.94,12.36,11.58,249.1,96.91,0.81,0.56,Class 2: Sand to silty sand
1.26,1,51,1.98,2.58,19,23.94,12.36,11.58,168.49,89.4,2.61,0.71,Class 3: Silty sand to sandy silt
1.26,0.72,45.9,0.72,6.41,19,23.94,1.57,22.37,30.95,13.66,6.63,1,Class 5: Clay
1.27,0.71,46.2,0.7,6.56,19,24.13,1.67,22.46,30.29,13.43,6.79,1,Class 5: Clay
1.28,1.95,25,2.92,0.86,19,24.32,12.56,11.76,246.45,97.71,0.86,0.57,Class 2: Sand to silty sand
1.28,0.95,51,1.97,2.55,19,24.32,12.56,11.76,165.69,88.31,2.58,0.71,Class 3: Silty sand to sandy silt
1.28,0.7,46.1,0.7,6.61,19,24.32,1.77,22.55,29.82,13.28,6.85,1,Class 5: Clay
1.29,0.69,46.1,0.69,6.73,19,24.51,1.86,22.65,29.18,13.04,6.98,1,Class 5: Clay
1.3,1.9,26,2.91,0.88,19,24.7,12.75,11.95,241.09,97.11,0.89,0.57,Class 2: Sand to silty sand
1.3,1,49,1.99,2.48,19,24.7,12.75,11.95,164.36,87.57,2.51,0.71,Class 3: Silty sand to sandy silt
1.3,0.67,45.9,0.67,6.85,19,24.7,1.96,22.74,28.37,12.73,7.12,1,Class 5: Clay
1.31,0.67,45.7,0.67,6.84,19,24.89,2.06,22.83,28.16,12.69,7.11,1,Class 5: Clay
1.32,1.85,26,2.87,0.91,19,25.08,12.95,12.13,234.52,95.95,0.91,0.58,Class 2: Sand to silty sand
1.32,1,48,2.04,2.34,19,25.08,12.95,12.13,165.82,87.48,2.37,0.7,Class 3: Silty sand to sandy silt
1.32,0.67,45.5,0.67,6.76,19,25.08,2.16,22.92,28.25,12.78,7.03,1,Class 5: Clay
1.33,0.68,45.7,0.68,6.74,19,25.27,2.26,23.01,28.34,12.88,7.01,1,Class 5: Clay
1.34,1.8,26,2.84,0.93,19,25.46,13.15,12.31,228.15,94.79,0.94,0.58,Class 2: Sand to silty sand
1.34,1.05,46,2.07,2.22,19,25.46,13.15,12.31,165.89,86.95,2.25,0.69,Class 3: Silty sand to sandy silt
1.34,0.69,45.3,0.69,6.57,19,25.46,2.35,23.11,28.73,13.1,6.83,1,Class 5: Clay
1.35,0.7,42.9,0.7,6.12,19,25.65,2.45,23.2,29.1,13.33,6.35,1,Class 5: Clay
1.36,1.75,27,2.8,0.98,19,25.84,13.34,12.5,221.96,94.55,0.99,0.59,Class 2: Sand to silty sand
1.36,1.05,44,2.13,2.09,19,25.84,13.34,12.5,168.62,87.38,2.12,0.69,Class 3: Silty sand to sandy silt
1.36,0.7,42.9,0.7,6.12,19,25.84,2.55,23.29,28.98,13.32,6.36,1,Class 5: Clay
1.37,0.7,42.8,0.7,6.11,19,26.03,2.65,23.38,28.86,13.32,6.34,1,Class 5: Clay
1.38,1.7,29,2.78,1.04,19,26.22,13.54,12.68,217.27,94.45,1.05,0.6,Class 2: Sand to silty sand
1.38,1.15,44,2.22,1.97,19,26.22,13.54,12.68,172.59,88.32,2,0.68,Class 3: Silty sand to sandy silt
1.38,0.72,42.7,0.72,5.96,19,26.22,2.75,23.47,29.4,13.62,6.19,1,Class 5: Clay
1.39,0.73,42.6,0.73,5.82,19,26.41,2.84,23.57,29.93,13.92,6.04,1,Class 5: Clay
1.4,1.7,31,2.8,1.11,19,26.6,13.73,12.87,215.3,95.2,1.12,0.6,Class 2: Sand to silty sand
1.4,1.25,43,2.35,1.85,19,26.6,13.73,12.87,180.33,90.7,1.87,0.67,Class 3: Silty sand to sandy silt
1.4,0.77,41.6,0.77,5.4,19,26.6,2.94,23.66,31.45,14.69,5.59,1,Class 5: Clay
1.41,0.31,15.5,0.3,5.18,19,26.79,13.83,12.96,21.02,20.01,5.69,0.98,Class 4: Clayey silt to silty clay
1.41,0.82,41.3,0.82,5.03,19,26.79,3.04,23.75,33.44,15.68,5.2,1,Class 5: Clay
1.42,1.75,33,2.85,1.17,19,26.98,13.93,13.05,215.94,96.78,1.18,0.61,Class 2: Sand to silty sand
1.42,1.4,43,2.48,1.76,19,26.98,13.93,13.05,187.85,93.25,1.78,0.66,Class 3: Silty sand to sandy silt
1.42,0.32,15.5,0.31,4.95,19,26.98,13.93,13.05,21.96,20.45,5.42,0.97,Class 4: Clayey silt to silty clay
1.42,0.87,41.3,0.87,4.74,19,26.98,3.14,23.84,35.42,16.67,4.89,0.99,Class 5: Clay
1.43,0.97,40.5,0.96,4.2,19,27.17,3.24,23.93,39.16,18.5,4.32,0.96,Class 4: Clayey silt to silty clay
1.43,0.32,15.6,0.31,4.98,19,27.17,14.03,13.14,21.79,20.35,5.45,0.97,Class 4: Clayey silt to silty clay
1.44,1.8,36,2.91,1.21,19,27.36,14.13,13.23,217.83,98.49,1.23,0.61,Class 2: Sand to silty sand
1.44,1.5,45,2.59,1.75,19,27.36,14.13,13.23,193.9,95.89,1.77,0.65,Class 3: Silty sand to sandy silt
1.44,1.01,35.8,1.01,3.54,19,27.36,3.34,24.02,40.94,19.41,3.64,0.93,Class 4: Clayey silt to silty clay
1.44,0.31,15.7,0.31,5.13,19,27.36,14.13,13.23,20.99,19.97,5.64,0.98,Class 4: Clayey silt to silty clay
1.45,1.05,48.6,1.05,4.63,19,27.55,3.43,24.12,42.38,20.18,4.75,0.96,Class 4: Clayey silt to silty clay
1.46,1.85,37,2.96,1.25,19,27.74,14.32,13.42,218.42,99.65,1.26,0.61,Class 2: Sand to silty sand
1.46,1.55,48,2.67,1.79,19,27.74,14.32,13.42,197.3,98.11,1.81,0.65,Class 3: Silty sand to sandy silt
1.46,1.08,43.4,1.08,4.02,19,27.74,3.53,24.21,43.5,20.78,4.12,0.94,Class 4: Clayey silt to silty clay
1.46,0.29,33.2,0.29,11.43,19,27.74,14.32,13.42,19.58,5.18,12.64,1,Class 6: Organic soil / peat
1.47,1.09,38.2,1.09,3.5,19,27.93,3.63,24.3,43.8,21.01,3.59,0.92,Class 4: Clayey silt to silty clay
1.47,0.28,34.5,0.28,12.13,19,27.93,14.42,13.51,18.98,5.06,13.45,1,Class 6: Organic soil / peat
1.48,1.85,38,2.99,1.26,19,28.12,14.52,13.6,217.77,99.97,1.27,0.61,Class 2: Sand to silty sand
1.48,1.6,51,2.74,1.87,19,28.12,14.52,13.6,199.39,100.15,1.89,0.66,Class 3: Silty sand to sandy silt
1.48,1.1,37.8,1.1,3.45,19,28.12,3.73,24.39,43.79,21.08,3.54,0.92,Class 4: Clayey silt to silty clay
1.48,0.28,34.7,0.28,12.2,19,28.12,14.52,13.6,18.85,5.06,13.53,1,Class 6: Organic soil / peat
1.49,1.11,37.4,1.11,3.38,19,28.31,3.83,24.48,44.09,21.31,3.46,0.92,Class 4: Clayey silt to silty clay
1.49,0.28,36.3,0.28,12.75,19,28.31,14.62,13.69,18.72,5.06,14.16,1,Class 6: Organic soil / peat
1.5,1.85,38,3.02,1.26,19,28.5,14.72,13.79,217.13,100.13,1.27,0.61,Class 2: Sand to silty sand
1.5,1.65,55,2.79,1.96,19,28.5,14.72,13.79,200.21,101.75,1.98,0.66,Class 3: Silty sand to sandy silt
1.5,1.13,35.5,1.13,3.15,19,28.5,3.92,24.58,44.75,21.71,3.23,0.91,Class 4: Clayey silt to silty clay
1.5,0.29,38.4,0.29,13.39,19,28.5,14.72,13.79,18.74,5.1,14.87,1,Class 6: Organic soil / peat
1.51,0.94,32.7,0.94,3.48,19,28.69,4.02,24.67,36.93,17.98,3.59,0.94,Class 4: Clayey silt to silty clay
1.51,0.29,39.1,0.29,13.63,19,28.69,14.81,13.88,18.6,5.09,15.15,1,Class 6: Organic soil / peat
1.52,1.9,38,3.05,1.23,19,28.88,14.91,13.97,216.51,99.99,1.25,0.61,Class 2: Sand to silty sand
1.52,1.65,58,2.84,2.07,19,28.88,14.91,13.97,201,103.52,2.09,0.67,Class 3: Silty sand to sandy silt
1.52,0.97,32.7,0.97,3.36,19,28.88,4.12,24.76,38.2,18.67,3.46,0.94,Class 4: Clayey silt to silty clay
1.52,0.29,39.8,0.29,13.54,19,28.88,14.91,13.97,18.98,5.23,15.01,1,Class 6: Organic soil / peat
1.53,7.15,48.6,7.17,-0.14,19,29.07,15.01,14.06,507.65,507.65,-0.14,1,Class 1: Gravelly sand to dense sand
1.53,1.01,32.2,1.01,3.19,19,29.07,4.22,24.85,39.44,19.35,3.29,0.93,Class 4: Clayey silt to silty clay
1.53,0.31,39.9,0.31,12.94,19,29.07,15.01,14.06,19.86,5.51,14.29,1,Class 6: Organic soil / peat
1.54,7.15,,6.94,-0.6,19,29.26,15.11,14.15,488.65,488.65,-0.6,1,Class 1: Gravelly sand to dense sand
1.54,1.9,37,3.12,1.21,19,29.26,15.11,14.15,218.27,100.69,1.22,0.61,Class 2: Sand to silty sand
1.54,1.7,63,2.89,2.18,19,29.26,15.11,14.15,201.78,105.33,2.21,0.67,Class 3: Silty sand to sandy silt
1.54,1.43,29.7,1.44,2.07,19,29.26,4.32,24.94,56.37,27.76,2.11,0.83,Class 3: Silty sand to sandy silt
1.55,6.53,-45.6,6.53,-0.7,19,29.45,15.21,14.24,456.49,456.49,-0.7,1,Class 1: Gravelly sand to dense sand
1.55,1.58,31.7,1.58,2,19,29.45,4.41,25.04,62.04,30.66,2.04,0.82,Class 3: Silty sand to sandy silt
1.55,0.33,17.6,0.33,5.37,19,29.45,15.21,14.24,20.86,20.06,5.9,0.98,Class 4: Clayey silt to silty clay
1.56,2,38,3.2,1.19,19,29.64,15.3,14.34,221.14,101.88,1.2,0.6,Class 2: Sand to silty sand
1.56,1.75,68,2.95,2.28,19,29.64,15.3,14.34,203.7,107.45,2.31,0.67,Class 3: Silty sand to sandy silt
1.56,1.62,33.3,1.62,2.05,19,29.64,4.51,25.13,63.48,31.48,2.09,0.82,Class 3: Silty sand to sandy silt
1.57,1.57,34.9,1.57,2.23,19,29.83,4.61,25.22,60.98,30.36,2.27,0.83,Class 3: Silty sand to sandy silt
1.57,0.31,39.8,0.31,12.76,19,29.83,15.4,14.43,19.55,5.57,14.11,1,Class 6: Organic soil / peat
1.58,2.1,39,3.33,1.2,19,30.02,15.5,14.52,227.38,104.82,1.21,0.6,Class 2: Sand to silty sand
1.58,1.8,71,3,2.36,19,30.02,15.5,14.52,204.43,108.82,2.38,0.68,Class 3: Silty sand to sandy silt
1.58,1.52,35.5,1.51,2.35,19,30.02,4.71,25.31,58.56,29.26,2.39,0.84,Class 3: Silty sand to sandy silt
1.58,0.3,39.8,0.3,13.06,19,30.02,15.5,14.52,18.92,5.42,14.48,1,Class 6: Organic soil / peat
1.59,1.43,36.1,1.43,2.52,19,30.21,4.81,25.4,55.14,27.65,2.58,0.85,Class 4: Clayey silt to silty clay
1.59,0.3,39.8,0.3,13.21,19,30.21,15.6,14.61,18.55,5.35,14.69,1,Class 6: Organic soil / peat
1.6,2.25,43,3.7,1.15,19,30.4,15.7,14.7,249.34,112.61,1.16,0.59,Class 2: Sand to silty sand
1.6,1.8,73,3.01,2.42,19,30.4,15.7,14.7,202.87,109.1,2.45,0.68,Class 3: Silty sand to sandy silt
1.6,1.49,46.7,1.49,3.14,19,30.4,4.91,25.5,57.21,28.79,3.2,0.87,Class 4: Clayey silt to silty clay
1.6,0.3,40,0.3,13.28,19,30.4,15.7,14.7,18.42,5.35,14.77,1,Class 6: Organic soil / peat
1.61,1.55,41.4,1.55,2.68,19,30.59,5,25.59,59.27,29.93,2.73,0.85,Class 3: Silty sand to sandy silt
1.61,0.28,40.2,0.28,14.19,19,30.59,15.79,14.8,17.08,4.99,15.91,1,Class 6: Organic soil / peat
1.62,3.05,46,4.35,1.05,19,30.78,15.89,14.89,289.78,125.67,1.06,0.56,Class 2: Sand to silty sand
1.62,1.75,75,3.03,2.44,19,30.78,15.89,14.89,201.34,108.97,2.47,0.68,Class 3: Silty sand to sandy silt
1.62,1.7,36,1.69,2.12,19,30.78,5.1,25.68,64.78,32.84,2.16,0.81,Class 3: Silty sand to sandy silt
1.62,0.27,40.6,0.27,14.8,19,30.78,15.89,14.89,16.36,4.81,16.67,1,Class 6: Organic soil / peat
1.63,2.05,22.8,2.05,1.11,19,30.97,5.2,25.77,78.37,39.86,1.13,0.72,Class 3: Silty sand to sandy silt
1.63,0.27,40.7,0.27,15.04,19,30.97,15.99,14.98,16,4.73,16.98,1,Class 6: Organic soil / peat
1.64,4,48,5.13,0.92,19,31.16,16.09,15.07,338.09,139.88,0.93,0.54,Class 2: Sand to silty sand
1.64,1.8,74,3.09,2.4,19,31.16,16.09,15.07,203.18,109.8,2.43,0.68,Class 3: Silty sand to sandy silt
1.64,2.59,16.8,2.58,0.65,19,31.16,5.3,25.86,98.69,50.38,0.66,0.64,Class 3: Silty sand to sandy silt
1.64,0.28,40.6,0.28,14.74,19,31.16,16.09,15.07,16.21,4.82,16.62,1,Class 6: Organic soil / peat
1.65,0.28,40.6,0.28,14.49,19,31.35,16.19,15.16,16.4,4.91,16.32,1,Class 6: Organic soil / peat
1.66,4.55,48,5.71,0.84,19,31.54,16.28,15.26,372.12,149.52,0.85,0.52,Class 2: Sand to silty sand
1.66,1.95,74,3.26,2.26,19,31.54,16.28,15.26,211.52,112.57,2.28,0.67,Class 3: Silty sand to sandy silt
1.66,0.29,39.1,0.29,13.46,19,31.54,16.28,15.26,16.97,5.11,15.1,1,Class 6: Organic soil / peat
1.68,4.75,48,5.96,0.79,19,31.92,16.48,15.44,383.75,152.41,0.79,0.51,Class 2: Sand to silty sand
1.68,2.2,73,3.46,2.1,19,31.92,16.48,15.44,221.82,115.86,2.12,0.65,Class 3: Silty sand to sandy silt
1.7,4.7,45,5.97,0.75,19,32.3,16.68,15.62,380.17,150.69,0.75,0.51,Class 2: Sand to silty sand
1.7,2.35,71,3.66,1.92,19,32.3,16.68,15.62,231.88,118.62,1.94,0.64,Class 3: Silty sand to sandy silt
1.72,4.55,41,5.92,0.7,19,32.68,16.87,15.81,372.45,147.32,0.7,0.5,Class 2: Sand to silty sand
1.74,4.55,38,5.89,0.63,19,33.06,17.07,15.99,365.96,143.83,0.64,0.49,Class 2: Sand to silty sand
1.74,0.32,12.5,0.32,3.88,19,33.06,17.07,15.99,18.06,17.03,4.33,0.97,Class 4: Clayey silt to silty clay
1.75,2.81,29,2.81,1.03,19,33.25,6.38,26.87,103.2,54.74,1.05,0.67,Class 3: Silty sand to sandy silt
1.75,0.36,12.5,0.34,3.69,19,33.25,17.17,16.08,18.99,17.51,4.09,0.96,Class 4: Clayey silt to silty clay
1.76,4.55,33,5.85,0.54,19,33.44,17.27,16.17,359.62,139.28,0.54,0.48,Class 2: Sand to silty sand
1.76,2.68,30.6,2.67,1.14,19,33.44,6.47,26.97,97.95,52.14,1.16,0.69,Class 3: Silty sand to sandy silt
1.76,0.34,12.5,0.34,3.64,19,33.44,17.27,16.17,19.24,17.65,4.03,0.95,Class 4: Clayey silt to silty clay
1.77,2.63,29.5,2.62,1.12,19,33.63,6.57,27.06,95.75,51.14,1.14,0.69,Class 3: Silty sand to sandy silt
1.77,0.34,12.6,0.34,3.75,19,33.63,17.36,16.27,18.53,17.22,4.17,0.96,Class 4: Clayey silt to silty clay
1.78,16.22,66.8,16.05,0.42,19,33.82,17.46,16.36,978.91,301.86,0.42,0.35,Class 1: Gravelly sand to dense sand
1.78,4.4,24,5.8,0.45,19,33.82,17.46,16.36,352.39,133.64,0.45,0.47,Class 2: Sand to silty sand
1.78,2.2,30.6,2.19,1.39,19,33.82,6.67,27.15,79.57,42.64,1.42,0.74,Class 3: Silty sand to sandy silt
1.78,0.33,12.6,0.33,3.81,19,33.82,17.46,16.36,18.12,16.96,4.24,0.96,Class 4: Clayey silt to silty clay
1.79,17.1,63.6,16.81,0.4,19,34.01,17.56,16.45,1019.56,311.23,0.4,0.35,Class 1: Gravelly sand to dense sand
1.79,1.99,31.7,1.98,1.6,19,34.01,6.77,27.24,71.61,38.51,1.62,0.76,Class 3: Silty sand to sandy silt
1.79,0.33,12.5,0.32,4.03,19,34.01,17.56,16.45,17.5,16.71,4.51,0.97,Class 4: Clayey silt to silty clay
1.8,17.1,72.4,17.34,0.41,19,34.2,17.66,16.54,1046.29,319.22,0.41,0.35,Class 1: Gravelly sand to dense sand
1.8,4.35,21,5.75,0.37,19,34.2,17.66,16.54,345.33,129.03,0.37,0.46,Class 2: Sand to silty sand
1.8,1.55,31.5,1.55,2.04,19,34.2,6.87,27.33,55.34,29.86,2.08,0.82,Class 3: Silty sand to sandy silt
1.81,17.83,75.1,17.69,0.42,19,34.39,17.76,16.63,1061.28,326.25,0.43,0.35,Class 1: Gravelly sand to dense sand
1.81,1.45,32.7,1.45,2.26,19,34.39,6.97,27.42,51.48,27.87,2.32,0.84,Class 3: Silty sand to sandy silt
1.82,18.14,77.9,18.07,0.45,19,34.58,17.85,16.73,1078.05,335.06,0.46,0.35,Class 1: Gravelly sand to dense sand
1.82,4.35,19,5.78,0.31,19,34.58,17.85,16.73,343.41,126.51,0.31,0.45,Class 2: Sand to silty sand
1.82,1.26,31.4,1.25,2.52,19,34.58,7.06,27.52,44.11,23.96,2.59,0.87,Class 4: Clayey silt to silty clay
1.82,0.23,18.5,0.23,8.19,19,34.58,17.85,16.73,11.44,3.78,9.67,1,Class 6: Organic soil / peat
1.83,1.19,30.1,1.19,2.54,19,34.77,7.16,27.61,41.71,22.73,2.61,0.88,Class 4: Clayey silt to silty clay
1.83,0.22,18.3,0.22,8.4,19,34.77,17.95,16.82,10.88,3.61,10,1,Class 6: Organic soil / peat
1.84,4.45,14,5.81,0.27,19,34.96,18.05,16.91,341.52,124.67,0.27,0.44,Class 2: Sand to silty sand
1.84,1.19,26.1,1.18,2.21,19,34.96,7.26,27.7,41.36,22.61,2.28,0.87,Class 4: Clayey silt to silty clay
1.84,0.21,17.4,0.21,8.3,19,34.96,18.05,16.91,10.33,3.45,9.96,1,Class 6: Organic soil / peat
1.85,1.18,25.2,1.17,2.15,19,35.15,7.36,27.79,41,22.49,2.21,0.87,Class 4: Clayey silt to silty clay
1.85,0.21,16.5,0.21,7.8,19,35.15,18.15,17,10.37,3.48,9.36,1,Class 6: Organic soil / peat
1.86,4.4,14,5.79,0.24,19,35.34,18.25,17.09,336.76,122.6,0.24,0.43,Class 2: Sand to silty sand
1.86,1.18,24.4,1.17,2.08,19,35.34,7.46,27.88,40.72,22.41,2.15,0.86,Class 4: Clayey silt to silty clay
1.86,0.21,16.7,0.21,8.03,19,35.34,18.25,17.09,10.1,3.41,9.68,1,Class 6: Organic soil / peat
1.87,0.98,21,0.97,2.17,19,35.53,7.55,27.98,33.38,18.43,2.25,0.9,Class 4: Clayey silt to silty clay
1.87,0.2,15.8,0.2,7.87,19,35.53,18.34,17.19,9.62,3.26,9.56,1,Class 6: Organic soil / peat
1.88,4.25,14,5.69,0.24,19,35.72,18.44,17.28,327.27,120.39,0.24,0.43,Class 2: Sand to silty sand
1.88,0.9,21.3,0.89,2.38,19,35.72,7.65,28.07,30.57,16.94,2.48,0.92,Class 4: Clayey silt to silty clay
1.88,0.19,16.1,0.19,8.32,19,35.72,18.44,17.28,9.14,3.12,10.2,1,Class 6: Organic soil / peat
1.89,0.83,20.1,0.82,2.46,19,35.91,7.75,28.16,27.78,15.44,2.57,0.93,Class 4: Clayey silt to silty clay
1.89,0.19,14.5,0.19,7.63,19,35.91,18.54,17.37,8.87,3.04,9.41,1,Class 6: Organic soil / peat
1.9,4.1,13,5.52,0.24,19,36.1,18.64,17.46,314.16,117.2,0.24,0.44,Class 2: Sand to silty sand
1.9,0.85,15.9,0.84,1.89,19,36.1,7.85,28.25,28.51,15.9,1.97,0.9,Class 4: Clayey silt to silty clay
1.9,0.34,18,0.38,4.81,19,36.1,18.64,17.46,19.53,18.79,5.32,0.98,Class 4: Clayey silt to silty clay
1.9,0.19,13.8,0.19,7.4,19,36.1,18.64,17.46,8.61,2.97,9.18,1,Class 6: Organic soil / peat
1.91,0.69,15.2,0.69,2.21,19,36.29,7.95,28.34,22.94,12.83,2.34,0.95,Class 4: Clayey silt to silty clay
1.91,0.5,18.4,0.46,3.95,19,36.29,18.74,17.55,24.3,21.66,4.28,0.93,Class 4: Clayey silt to silty clay
1.91,0.19,13.2,0.19,7.08,19,36.29,18.74,17.55,8.55,2.96,8.79,1,Class 6: Organic soil / peat
1.92,3.85,13,5.34,0.24,19,36.48,18.84,17.64,300.38,113.76,0.25,0.44,Class 2: Sand to silty sand
1.92,0.65,12.3,0.64,1.91,19,36.48,8.04,28.44,21.36,11.99,2.03,0.94,Class 4: Clayey silt to silty clay
1.92,0.55,18.4,0.54,3.4,19,36.48,18.84,17.64,28.63,24.16,3.64,0.9,Class 4: Clayey silt to silty clay
1.92,0.18,12.7,0.18,7.08,19,36.48,18.84,17.64,8.09,2.82,8.89,1,Class 6: Organic soil / peat
1.93,0.59,10.8,0.58,1.86,19,36.67,8.14,28.53,19.11,10.76,1.98,0.96,Class 4: Clayey silt to silty clay
1.93,0.58,18.4,0.55,3.35,19,36.67,18.93,17.74,28.81,24.24,3.59,0.9,Class 4: Clayey silt to silty clay
1.93,0.16,12,0.16,7.44,19,36.67,18.93,17.74,7.03,2.46,9.63,1,Class 6: Organic soil / peat
1.94,3.65,13,5.1,0.25,19,36.86,19.03,17.83,284.08,109.82,0.26,0.45,Class 2: Sand to silty sand
1.94,0.55,9.9,0.54,1.84,19,36.86,8.24,28.62,17.55,9.92,1.97,0.97,Class 4: Clayey silt to silty clay
1.94,0.51,18.2,0.52,3.53,19,36.86,19.03,17.83,26.91,23.14,3.8,0.91,Class 4: Clayey silt to silty clay
1.94,0.16,11.8,0.16,7.48,19,36.86,19.03,17.83,6.78,2.39,9.76,1,Class 6: Organic soil / peat
1.95,0.54,9,0.54,1.68,19,37.05,8.34,28.71,17.35,9.83,1.81,0.96,Class 4: Clayey silt to silty clay
1.95,0.46,18.1,0.44,4.15,19,37.05,19.13,17.92,22.56,20.59,4.53,0.95,Class 4: Clayey silt to silty clay
1.95,0.15,11,0.15,7.3,19,37.05,19.13,17.92,6.34,2.24,9.69,1,Class 6: Organic soil / peat
1.96,3.35,13,4.92,0.26,19,37.24,19.23,18.01,270.89,106.61,0.27,0.46,Class 2: Sand to silty sand
1.96,0.57,8.5,0.56,1.51,19,37.24,8.44,28.8,18.23,10.37,1.62,0.95,Class 4: Clayey silt to silty clay
1.96,0.36,18.6,0.39,4.78,19,37.24,19.23,18.01,19.52,18.77,5.28,0.98,Class 4: Clayey silt to silty clay
1.96,0.13,10.8,0.13,8.14,19,37.24,19.23,18.01,5.3,1.88,11.31,1,Class 6: Organic soil / peat
1.97,0.6,9.9,0.59,1.68,19,37.43,8.53,28.9,19.11,10.9,1.79,0.95,Class 4: Clayey silt to silty clay
1.97,0.13,10.5,0.13,8.25,19,37.43,19.33,18.1,4.96,1.77,11.68,1,Class 6: Organic soil / peat
1.98,21.23,123.4,20.82,-0.2,19,37.62,19.42,18.2,1141.98,1001,-0.2,1,Class 1: Gravelly sand to dense sand
1.98,3.25,13,4.77,0.27,19,37.62,19.42,18.2,259.8,103.65,0.27,0.46,Class 2: Sand to silty sand
1.98,0.68,10.3,0.67,1.54,19,37.62,8.63,28.99,21.85,12.5,1.63,0.92,Class 4: Clayey silt to silty clay
1.98,0.13,9.6,0.13,7.62,19,37.62,19.42,18.2,4.86,1.74,10.86,1,Class 6: Organic soil / peat
1.99,21.23,,21.57,-0.64,19,37.81,19.52,18.29,1177.16,1001,-0.64,1,Class 1: Gravelly sand to dense sand
1.99,0.65,10.7,0.64,1.67,19,37.81,8.73,29.08,20.71,11.89,1.78,0.93,Class 4: Clayey silt to silty clay
1.99,0.13,9.3,0.13,7.42,19,37.81,19.52,18.29,4.79,1.73,10.62,1,Class 6: Organic soil / peat
2,22.24,,22.08,-0.75,19,38,19.62,18.38,1199.09,1001,-0.75,1,Class 1: Gravelly sand to dense sand
2,3.15,12,4.71,0.25,19,38,19.62,18.38,254.37,101.98,0.26,0.46,Class 2: Sand to silty sand
2,0.62,9.6,0.61,1.57,19,38,8.83,29.17,19.7,11.35,1.67,0.94,Class 4: Clayey silt to silty clay
2,0.13,9.3,0.13,7.41,19,38,19.62,18.38,4.76,1.73,10.63,1,Class 6: Organic soil / peat
2.01,22.76,40.7,22.67,-0.16,19,38.19,19.72,18.47,1224.94,1001,-0.16,1,Class 1: Gravelly sand to dense sand
2.01,0.65,9.4,0.64,1.47,19,38.19,8.93,29.26,20.57,11.88,1.56,0.92,Class 4: Clayey silt to silty clay
2.01,0.13,9.1,0.13,7.25,19,38.19,19.72,18.47,4.73,1.72,10.42,1,Class 6: Organic soil / peat
2.02,22.99,18,23.18,0.17,19,38.38,19.82,18.56,1246.62,350.5,0.17,0.25,Class 1: Gravelly sand to dense sand
2.02,3.15,11,4.7,0.24,19,38.38,19.82,18.56,250.84,100.83,0.24,0.46,Class 2: Sand to silty sand
2.02,0.67,9.5,0.67,1.42,19,38.38,9.03,29.35,21.42,12.41,1.51,0.92,Class 4: Clayey silt to silty clay
2.02,0.14,9,0.14,6.28,19,38.38,19.82,18.56,5.66,2.07,8.57,1,Class 6: Organic soil / peat
2.03,23.79,62.5,23.82,0.21,19,38.57,19.91,18.66,1274.76,364.79,0.21,0.26,Class 1: Gravelly sand to dense sand
2.03,0.72,9.5,0.71,1.33,19,38.57,9.12,29.45,22.92,13.32,1.41,0.9,Class 4: Clayey silt to silty clay
2.03,0.15,8.9,0.15,6.05,19,38.57,19.91,18.66,5.81,2.14,8.21,1,Class 6: Organic soil / peat
2.04,24.68,67.8,25.04,0.27,19,38.76,20.01,18.75,1333.84,393.83,0.27,0.28,Class 1: Gravelly sand to dense sand
2.04,3.15,11,4.71,0.21,19,38.76,20.01,18.75,249.16,99.42,0.21,0.46,Class 2: Sand to silty sand
2.04,0.72,9.2,0.72,1.28,19,38.76,9.22,29.54,22.98,13.4,1.36,0.9,Class 4: Clayey silt to silty clay
2.04,0.15,8.9,0.15,5.91,19,38.76,20.01,18.75,5.97,2.21,7.96,1,Class 6: Organic soil / peat
2.05,26.67,73,26.01,0.3,19,38.95,20.11,18.84,1378.32,411.11,0.3,0.28,Class 1: Gravelly sand to dense sand
2.05,0.73,10.6,0.72,1.47,19,38.95,9.32,29.63,23.03,13.47,1.55,0.91,Class 4: Clayey silt to silty clay
2.05,0.17,8.8,0.17,5.11,19,38.95,20.11,18.84,7.07,2.63,6.61,1,Class 6: Organic soil / peat
2.06,26.67,91.6,26.63,0.37,19,39.14,20.21,18.93,1404.34,433.04,0.37,0.3,Class 1: Gravelly sand to dense sand
2.06,3.15,7,4.69,0.17,19,39.14,20.21,18.93,245.76,97.48,0.17,0.45,Class 2: Sand to silty sand
2.06,0.78,11.4,0.78,1.47,19,39.14,9.42,29.72,24.78,14.54,1.55,0.89,Class 4: Clayey silt to silty clay
2.06,0.18,8.6,0.18,4.8,19,39.14,20.21,18.93,7.4,2.77,6.14,1,Class 6: Organic soil / peat
2.07,26.54,133.5,28.17,0.4,19,39.33,20.31,19.02,1478.8,457.78,0.4,0.3,Class 1: Gravelly sand to dense sand
2.07,0.75,12.3,0.74,1.65,19,39.33,9.52,29.81,23.66,13.92,1.74,0.91,Class 4: Clayey silt to silty clay
2.07,0.18,8.3,0.18,4.54,19,39.33,20.31,19.02,7.55,2.83,5.78,1,Class 6: Organic soil / peat
2.08,31.3,109.9,31.3,0.38,19,39.52,20.4,19.12,1635.62,497.02,0.38,0.29,Class 1: Gravelly sand to dense sand
2.08,3.05,6,4.61,0.14,19,39.52,20.4,19.12,238.93,94.82,0.15,0.45,Class 2: Sand to silty sand
2.08,0.74,13.2,0.73,1.8,19,39.52,9.61,29.91,23.19,13.69,1.9,0.92,Class 4: Clayey silt to silty clay
2.09,36.07,117.7,33.82,0.35,19,39.71,20.5,19.21,1758.6,521.09,0.35,0.27,Class 1: Gravelly sand to dense sand
2.09,0.75,13.9,0.74,1.87,19,39.71,9.71,30,23.5,13.91,1.97,0.92,Class 4: Clayey silt to silty clay
2.1,34.08,125.4,34.77,0.34,19,39.9,20.6,19.3,1799.61,530.6,0.34,0.26,Class 1: Gravelly sand to dense sand
2.1,2.85,7,4.46,0.15,19,39.9,20.6,19.3,228.77,92.19,0.15,0.45,Class 2: Sand to silty sand
2.1,0.76,14,0.76,1.85,19,39.9,9.81,30.09,23.81,14.14,1.95,0.92,Class 4: Clayey silt to silty clay
2.11,34.16,110.6,34.2,0.37,19,40.09,20.7,19.39,1761.49,531.16,0.37,0.27,Class 1: Gravelly sand to dense sand
2.11,0.97,13.2,0.96,1.37,19,40.09,9.91,30.18,30.54,18.19,1.43,0.86,Class 4: Clayey silt to silty clay
2.12,34.35,147.7,34.3,0.4,19,40.28,20.8,19.48,1758.49,538.32,0.4,0.28,Class 1: Gravelly sand to dense sand
2.12,2.65,7,4.29,0.16,19,40.28,20.8,19.48,217.96,89.3,0.16,0.46,Class 2: Sand to silty sand
2.12,1.19,13.3,1.18,1.12,19,40.28,10.01,30.27,37.74,22.55,1.16,0.81,Class 3: Silty sand to sandy silt
2.13,34.39,154.8,34.39,0.45,19,40.47,20.9,19.57,1754.79,549.72,0.45,0.29,Class 1: Gravelly sand to dense sand
2.13,1.54,13.2,1.53,0.86,19,40.47,10.1,30.37,48.98,29.36,0.89,0.75,Class 3: Silty sand to sandy silt
2.14,34.43,161.9,34.88,0.46,19,40.66,20.99,19.67,1771.66,558.73,0.46,0.3,Class 1: Gravelly sand to dense sand
2.14,2.5,6,4.14,0.16,19,40.66,20.99,19.67,208.19,86.66,0.16,0.47,Class 2: Sand to silty sand
2.14,2.2,13,2.19,0.59,19,40.66,10.2,30.46,70.59,42.44,0.6,0.66,Class 3: Silty sand to sandy silt
2.15,35.83,168.5,35.86,0.46,19,40.85,21.09,19.76,1813.09,571.74,0.47,0.29,Class 1: Gravelly sand to dense sand
2.16,37.33,169.7,37.82,0.44,19,41.04,21.19,19.85,1903.38,590.99,0.44,0.28,Class 1: Gravelly sand to dense sand
2.16,2.35,7,4,0.14,19,41.04,21.19,19.85,199.44,83.51,0.14,0.47,Class 2: Sand to silty sand
2.17,40.31,157,39.88,0.39,19,41.23,21.29,19.94,1997.64,606.55,0.39,0.27,Class 1: Gravelly sand to dense sand
2.18,41.99,144.3,41.3,0.38,19,41.42,21.39,20.03,2059.44,621.07,0.38,0.26,Class 1: Gravelly sand to dense sand
2.18,2.2,4,3.93,0.13,19,41.42,21.39,20.03,194.18,81.68,0.13,0.47,Class 2: Sand to silty sand
2.19,41.6,172.1,42.33,0.41,19,41.61,21.48,20.13,2101.11,640.59,0.41,0.27,Class 1: Gravelly sand to dense sand
2.19,2.23,13.7,2.22,0.62,19,41.61,10.69,30.92,70.39,42.95,0.63,0.67,Class 3: Silty sand to sandy silt
2.2,43.39,199.9,42.22,0.46,19,41.8,21.58,20.22,2086.29,652.17,0.46,0.28,Class 1: Gravelly sand to dense sand
2.2,2.25,4,4,0.12,19,41.8,21.58,20.22,195.61,82.19,0.12,0.46,Class 2: Sand to silty sand
2.2,2.07,17.8,2.06,0.86,19,41.8,10.79,31.01,65.17,39.89,0.88,0.7,Class 3: Silty sand to sandy silt
2.21,41.67,206.7,42.59,0.5,19,41.99,21.68,20.31,2095.14,666.54,0.5,0.29,Class 1: Gravelly sand to dense sand
2.21,1.92,19.3,1.91,1.01,19,41.99,10.89,31.1,59.99,36.83,1.03,0.73,Class 3: Silty sand to sandy silt
2.22,42.71,227.3,42.76,0.51,19,42.18,21.78,20.4,2093.69,672.65,0.52,0.29,Class 1: Gravelly sand to dense sand
2.22,2.5,6,4.14,0.13,19,42.18,21.78,20.4,201.1,84.7,0.13,0.46,Class 2: Sand to silty sand
2.22,1.67,17.1,1.66,1.03,19,42.18,10.99,31.19,51.85,31.92,1.06,0.75,Class 3: Silty sand to sandy silt
2.23,43.88,226,45.59,0.5,19,42.37,21.88,20.49,2222.28,705.44,0.5,0.28,Class 1: Gravelly sand to dense sand
2.23,1.62,16.7,1.61,1.04,19,42.37,11.09,31.28,50.08,30.93,1.07,0.76,Class 3: Silty sand to sandy silt
2.24,50.16,224.7,48.76,0.43,19,42.56,21.97,20.59,2366.59,728.38,0.43,0.26,Class 1: Gravelly sand to dense sand
2.24,2.6,6,4.29,0.15,19,42.56,21.97,20.59,206.49,87.42,0.15,0.46,Class 2: Sand to silty sand
2.24,1.56,16.9,1.55,1.09,19,42.56,11.18,31.38,48.2,29.85,1.12,0.77,Class 3: Silty sand to sandy silt
2.25,52.24,182.4,52.3,0.38,19,42.75,22.07,20.68,2527.14,755.88,0.38,0.24,Class 1: Gravelly sand to dense sand
2.25,1.59,17.1,1.58,1.08,19,42.75,11.28,31.47,48.85,30.34,1.11,0.76,Class 3: Silty sand to sandy silt
2.26,54.5,193.2,53.59,0.36,19,42.94,22.17,20.77,2578.36,763.08,0.36,0.23,Class 1: Gravelly sand to dense sand
2.26,2.65,7,4.43,0.14,19,42.94,22.17,20.77,210.99,89.15,0.14,0.46,Class 2: Sand to silty sand
2.26,1.61,26,1.61,1.62,19,42.94,11.38,31.56,49.5,30.84,1.66,0.8,Class 3: Silty sand to sandy silt
2.27,54.05,203.9,54.52,0.39,19,43.13,22.27,20.86,2611.62,784.46,0.39,0.24,Class 1: Gravelly sand to dense sand
2.27,1.62,26.4,1.62,1.63,19,43.13,11.48,31.65,49.72,31.06,1.68,0.8,Class 3: Silty sand to sandy silt
2.28,55.03,238.1,55.03,0.46,19,43.32,22.37,20.95,2624.38,815.43,0.46,0.26,Class 1: Gravelly sand to dense sand
2.28,2.85,6,4.56,0.13,19,43.32,22.37,20.95,215.4,90.62,0.13,0.45,Class 2: Sand to silty sand
2.28,1.81,38,1.8,2.11,19,43.32,11.58,31.74,55.31,34.66,2.16,0.81,Class 3: Silty sand to sandy silt
2.29,56.02,324.2,57.21,0.51,19,43.51,22.46,21.05,2716.4,860.83,0.52,0.27,Class 1: Gravelly sand to dense sand
2.29,2.08,41,2.07,1.98,19,43.51,11.67,31.84,63.67,40.01,2.02,0.78,Class 3: Silty sand to sandy silt
2.3,60.58,321.5,59.22,0.54,19,43.7,22.56,21.14,2799.53,896.44,0.54,0.27,Class 1: Gravelly sand to dense sand
2.3,2.95,5,4.71,0.12,19,43.7,22.56,21.14,220.53,92.34,0.12,0.44,Class 2: Sand to silty sand
2.3,2.38,38.5,2.37,1.63,19,43.7,11.77,31.93,72.83,45.9,1.66,0.75,Class 3: Silty sand to sandy silt
2.3,0.17,19.1,0.17,11.13,19,43.7,22.56,21.14,6.04,6.04,14.95,1,Class 6: Organic soil / peat
2.31,61.05,318.8,60.83,0.53,19,43.89,22.66,21.23,2863.16,914.35,0.53,0.27,Class 1: Gravelly sand to dense sand
2.31,2.64,36.1,2.64,1.37,19,43.89,11.87,32.02,80.96,51.17,1.39,0.71,Class 3: Silty sand to sandy silt
2.31,0.17,19,0.16,11.9,19,43.89,22.66,21.23,5.44,5.44,16.43,1,Class 6: Organic soil / peat
2.32,60.84,335.1,60.75,0.55,19,44.08,22.76,21.32,2847.29,918.35,0.55,0.27,Class 1: Gravelly sand to dense sand
2.32,3.05,6,4.8,0.12,19,44.08,22.76,21.32,223.22,93.54,0.12,0.44,Class 2: Sand to silty sand
2.32,2.61,33.5,2.6,1.29,19,44.08,11.97,32.11,79.64,50.48,1.31,0.71,Class 3: Silty sand to sandy silt
2.32,0.14,18.8,0.15,12.73,19,44.08,22.76,21.32,4.84,4.84,18.17,1,Class 6: Organic soil / peat
2.33,60.35,351.4,60.57,0.59,19,44.27,22.86,21.41,2826.56,926.68,0.59,0.28,Class 1: Gravelly sand to dense sand
2.33,2.52,30.7,2.51,1.22,19,44.27,12.07,32.2,76.64,48.72,1.24,0.71,Class 3: Silty sand to sandy silt
2.33,0.13,18.5,0.13,13.86,19,44.27,22.86,21.41,4.2,4.2,20.68,1,Class 6: Organic soil / peat
2.34,60.51,379.6,60.51,0.6,19,44.46,22.96,21.5,2811.64,928.62,0.6,0.29,Class 1: Gravelly sand to dense sand
2.34,3.1,6,4.92,0.12,19,44.46,22.96,21.5,226.64,95.19,0.12,0.44,Class 2: Sand to silty sand
2.34,2.46,29,2.45,1.18,19,44.46,12.16,32.3,74.61,47.56,1.2,0.71,Class 3: Silty sand to sandy silt
2.34,0.13,18.5,0.13,14.63,19,44.46,22.96,21.5,3.81,3.81,22.56,1,Class 6: Organic soil / peat
2.35,60.66,354.9,62.27,0.57,19,44.65,23.05,21.6,2881.15,942.45,0.57,0.28,Class 1: Gravelly sand to dense sand
2.35,2.37,27.3,2.36,1.16,19,44.65,12.26,32.39,71.46,45.69,1.18,0.71,Class 3: Silty sand to sandy silt
2.35,0.12,18.5,0.12,15.21,19,44.65,23.05,21.6,3.55,3.55,24.06,1,Class 6: Organic soil / peat
2.36,65.63,330.2,63.57,0.53,19,44.84,23.15,21.69,2929.2,945.23,0.53,0.27,Class 1: Gravelly sand to dense sand
2.36,3.25,6,5.05,0.12,19,44.84,23.15,21.69,230.78,96.85,0.12,0.44,Class 2: Sand to silty sand
2.36,2.46,21.1,2.45,0.86,19,44.84,12.36,32.48,74.15,47.54,0.88,0.68,Class 3: Silty sand to sandy silt
2.36,0.12,18.4,0.12,15.56,19,44.84,23.15,21.69,3.38,3.38,25.07,1,Class 6: Organic soil / peat
2.37,64.43,326.5,65.72,0.5,19,45.03,23.25,21.78,3015.14,960,0.5,0.26,Class 1: Gravelly sand to dense sand
2.37,2.55,21,2.55,0.82,19,45.03,12.46,32.57,76.82,49.39,0.84,0.67,Class 3: Silty sand to sandy silt
2.37,0.12,18.3,0.12,15.53,19,45.03,23.25,21.78,3.3,3.3,25.25,1,Class 6: Organic soil / peat
2.38,67.08,322.8,67.08,0.44,19,45.22,23.35,21.87,3065.03,953.89,0.44,0.24,Class 1: Gravelly sand to dense sand
2.38,3.4,6,5.18,0.12,19,45.22,23.35,21.87,234.84,98.5,0.12,0.43,Class 2: Sand to silty sand
2.38,2.71,22,2.71,0.81,19,45.22,12.56,32.66,81.46,52.52,0.83,0.66,Class 3: Silty sand to sandy silt
2.38,0.12,17.8,0.12,15.46,19,45.22,23.35,21.87,3.27,3.27,25.24,1,Class 6: Organic soil / peat
2.39,69.74,237.9,68.95,0.37,19,45.41,23.45,21.96,3137.03,944.01,0.37,0.21,Class 1: Gravelly sand to dense sand
2.39,0.12,18,0.12,15.16,19,45.41,23.45,21.96,3.28,3.28,24.71,1,Class 6: Organic soil / peat
2.4,70.02,205.3,70.59,0.3,19,45.6,23.54,22.06,3198.42,928.58,0.3,0.19,Class 1: Gravelly sand to dense sand
2.4,3.45,6,5.3,0.11,19,45.6,23.54,22.06,238.08,99.89,0.11,0.43,Class 2: Sand to silty sand
2.4,0.12,17.6,0.12,14.74,19,45.6,23.54,22.06,3.4,3.4,23.72,1,Class 6: Organic soil / peat
2.41,72.01,193.7,70.65,0.27,19,45.79,23.64,22.15,3187.83,913.8,0.27,0.18,Class 1: Gravelly sand to dense sand
2.41,0.13,17.7,0.12,14.17,19,45.79,23.64,22.15,3.56,3.56,22.4,1,Class 6: Organic soil / peat
2.42,69.92,182.1,69.92,0.26,19,45.98,23.74,22.24,3141.76,895.72,0.26,0.17,Class 1: Gravelly sand to dense sand
2.42,3.55,6,5.35,0.13,19,45.98,23.74,22.24,238.27,100.96,0.13,0.43,Class 2: Sand to silty sand
2.42,0.13,17.7,0.13,13.67,19,45.98,23.74,22.24,3.75,3.75,21.21,1,Class 6: Organic soil / peat
2.43,67.82,164.9,68.49,0.25,19,46.17,23.84,22.33,3064.66,873.48,0.25,0.17,Class 1: Gravelly sand to dense sand
2.43,0.13,17.7,0.13,13.43,19,46.17,23.84,22.33,3.83,3.83,20.67,1,Class 6: Organic soil / peat
2.44,67.71,161.2,67.71,0.24,19,46.36,23.94,22.42,3017.68,862.89,0.24,0.17,Class 1: Gravelly sand to dense sand
2.44,3.5,9,5.29,0.14,19,46.36,23.94,22.42,233.99,100.73,0.15,0.44,Class 2: Sand to silty sand
2.44,0.13,17.7,0.14,13.07,19,46.36,23.94,22.42,3.97,3.97,19.88,1,Class 6: Organic soil / peat
2.45,67.6,170.4,67.61,0.25,19,46.55,24.03,22.52,3000.75,865.54,0.25,0.17,Class 1: Gravelly sand to dense sand
2.45,0.14,17.7,0.14,12.84,19,46.55,24.03,22.52,4.05,4.05,19.4,1,Class 6: Organic soil / peat
2.46,67.51,179.6,67.38,0.29,19,46.74,24.13,22.61,2978.49,882.48,0.29,0.19,Class 1: Gravelly sand to dense sand
2.46,3.25,8,5.21,0.16,19,46.74,24.13,22.61,228.31,99.64,0.16,0.45,Class 2: Sand to silty sand
2.46,0.14,17.7,0.14,12.33,19,46.74,24.13,22.61,4.29,4.29,18.28,1,Class 6: Organic soil / peat
2.47,67.03,234.8,67.08,0.31,19,46.93,24.23,22.7,2953.19,890.94,0.31,0.2,Class 1: Gravelly sand to dense sand
2.47,0.15,17.8,0.15,11.93,19,46.93,24.23,22.7,4.58,4.58,17.31,1,Class 6: Organic soil / peat
2.48,66.7,217.3,66.49,0.36,19,47.12,24.33,22.79,2915.42,901.83,0.36,0.21,Class 1: Gravelly sand to dense sand
2.48,3.25,8,5.16,0.16,19,47.12,24.33,22.79,224.19,98.38,0.16,0.45,Class 2: Sand to silty sand
2.48,0.16,18.5,0.16,11.19,19,47.12,24.33,22.79,5.13,5.13,15.71,1,Class 6: Organic soil / peat
2.49,65.75,258.7,66.22,0.4,19,47.31,24.43,22.88,2891.77,916.11,0.4,0.23,Class 1: Gravelly sand to dense sand
2.5,66.21,312.7,66.21,0.45,19,47.5,24.53,22.98,2879.85,938.79,0.45,0.24,Class 1: Gravelly sand to dense sand
2.5,3.3,8,5.19,0.14,19,47.5,24.53,22.98,223.76,98.13,0.14,0.44,Class 2: Sand to silty sand
2.51,66.68,329.6,66.93,0.49,19,47.69,24.62,23.07,2899.7,962.42,0.49,0.25,Class 1: Gravelly sand to dense sand
2.52,67.91,346.6,68.24,0.51,19,47.88,24.72,23.16,2944.65,984,0.51,0.26,Class 1: Gravelly sand to dense sand
2.52,3.3,6,5.14,0.14,19,47.88,24.72,23.16,219.73,97.09,0.14,0.45,Class 2: Sand to silty sand
2.53,70.14,361.2,69.55,0.54,19,48.07,24.82,23.25,2989.42,1001,0.54,0.27,Class 1: Gravelly sand to dense sand
2.53,0.18,18.4,0.18,10.36,19,48.07,24.82,23.25,5.5,5.5,14.25,1,Class 6: Organic soil / peat
2.54,70.61,422.8,70.37,0.61,19,48.26,24.92,23.34,3012.54,1001,0.61,0.28,Class 1: Gravelly sand to dense sand
2.54,3.05,8,5.02,0.15,19,48.26,24.92,23.34,212.92,95.1,0.15,0.45,Class 2: Sand to silty sand
2.54,0.15,17.7,0.15,11.56,19,48.26,24.92,23.34,4.55,4.55,16.82,1,Class 6: Organic soil / peat
2.55,70.36,502.9,70.24,0.69,19,48.45,25.02,23.43,2995.35,1001,0.69,0.3,Class 1: Gravelly sand to dense sand
2.55,0.13,17.5,0.13,13.32,19,48.45,25.02,23.43,3.51,3.51,21.18,1,Class 6: Organic soil / peat
2.56,69.76,537.1,69.74,0.75,19,48.64,25.11,23.53,2962.32,1001,0.75,0.31,Class 1: Gravelly sand to dense sand
2.56,2.9,8,4.87,0.17,19,48.64,25.11,23.53,204.79,93.24,0.17,0.46,Class 2: Sand to silty sand
2.56,0.17,14.2,0.17,8.25,19,48.64,25.11,23.53,5.25,2.44,11.5,1,Class 6: Organic soil / peat
2.56,0.11,17,0.11,15.28,19,48.64,25.11,23.53,2.67,2.67,27.1,1,Class 6: Organic soil / peat
2.57,69.11,519.9,69.27,0.75,19,48.83,25.21,23.62,2931,1001,0.75,0.31,Class 1: Gravelly sand to dense sand
2.57,0.13,13.5,0.13,10.76,19,48.83,25.21,23.62,3.25,1.51,17.61,1,Class 6: Organic soil / peat
2.57,0.1,16.6,0.1,16.57,19,48.83,25.21,23.62,2.2,2.2,32.15,1,Class 6: Organic soil / peat
2.58,68.96,502.7,68.96,0.68,19,49.02,25.31,23.71,2906.2,1001,0.68,0.3,Class 1: Gravelly sand to dense sand
2.58,2.8,9,4.8,0.18,19,49.02,25.31,23.71,200.31,92.18,0.18,0.47,Class 2: Sand to silty sand
2.58,0.13,12.5,0.13,9.68,19,49.02,25.31,23.71,3.38,1.58,15.61,1,Class 6: Organic soil / peat
2.58,0.1,16.5,0.1,16.97,19,49.02,25.31,23.71,2.03,2.03,34.3,1,Class 6: Organic soil / peat
2.59,68.8,392.7,68.83,0.62,19,49.21,25.41,23.8,2889.61,1001,0.62,0.28,Class 1: Gravelly sand to dense sand
2.59,0.12,11.2,0.12,9.19,19,49.21,25.41,23.8,3.05,1.43,15.41,1,Class 6: Organic soil / peat
2.59,0.1,16.3,0.1,16.95,19,49.21,25.41,23.8,2,2,34.51,1,Class 6: Organic soil / peat
2.6,68.73,381.1,68.73,0.54,19,49.4,25.51,23.89,2874.58,994.31,0.54,0.27,Class 1: Gravelly sand to dense sand
2.6,2.8,9,4.81,0.19,19,49.4,25.51,23.89,199.38,92.33,0.19,0.47,Class 2: Sand to silty sand
2.6,0.12,10.8,0.12,8.89,19,49.4,25.51,23.89,3.02,1.42,14.98,1,Class 6: Organic soil / peat
2.6,0.1,16.4,0.1,16.82,19,49.4,25.51,23.89,1.98,1.98,34.37,1,Class 6: Organic soil / peat
2.61,68.68,330.4,69.16,0.5,19,49.59,25.6,23.99,2881.26,985.61,0.5,0.26,Class 1: Gravelly sand to dense sand
2.61,0.12,10.4,0.12,8.55,19,49.59,25.6,23.99,3.01,1.42,14.42,1,Class 6: Organic soil / peat
2.61,0.1,16.1,0.1,16.79,19,49.59,25.6,23.99,1.92,1.92,34.84,1,Class 6: Organic soil / peat
2.62,70.08,324.5,70.08,0.46,19,49.78,25.7,24.08,2908.39,979.12,0.46,0.24,Class 1: Gravelly sand to dense sand
2.62,2.9,9,4.93,0.18,19,49.78,25.7,24.08,202.62,93.74,0.18,0.46,Class 2: Sand to silty sand
2.62,0.12,9.6,0.12,7.88,19,49.78,25.7,24.08,3,1.42,13.31,1,Class 6: Organic soil / peat
2.62,0.09,15.7,0.1,16.42,19,49.78,25.7,24.08,1.92,1.92,34.11,1,Class 6: Organic soil / peat
2.63,71.48,301.7,71.41,0.42,19,49.97,25.8,24.17,2952.39,980.25,0.42,0.23,Class 1: Gravelly sand to dense sand
2.63,0.16,8.9,0.16,5.52,19,49.97,25.8,24.17,4.61,2.2,7.99,1,Class 6: Organic soil / peat
2.63,0.1,15.5,0.09,16.67,19,49.97,25.8,24.17,1.76,1.76,36.3,1,Class 6: Organic soil / peat
2.64,72.67,273.6,71.64,0.4,19,50.16,25.9,24.26,2950.59,972.93,0.4,0.22,Class 1: Gravelly sand to dense sand
2.64,3.1,9,5.09,0.18,19,50.16,25.9,24.26,207.87,95.86,0.18,0.46,Class 2: Sand to silty sand
2.64,0.18,7.9,0.18,4.41,19,50.16,25.9,24.26,5.32,2.55,6.12,1,Class 6: Organic soil / peat
2.64,0.09,15,0.09,17.16,19,50.16,25.9,24.26,1.54,1.54,40.15,1,Class 6: Organic soil / peat
2.65,70.76,281.6,70.76,0.38,19,50.35,26,24.35,2903.51,951.09,0.38,0.22,Class 1: Gravelly sand to dense sand
2.65,0.08,14.6,0.08,17.85,19,50.35,26,24.35,1.28,1.28,46.61,1,Class 6: Organic soil / peat
2.66,68.85,241.6,69.37,0.37,19,50.54,26.09,24.45,2835.67,931.06,0.37,0.22,Class 1: Gravelly sand to dense sand
2.66,3.25,9,5.28,0.16,19,50.54,26.09,24.45,213.72,97.99,0.17,0.45,Class 2: Sand to silty sand
2.66,0.16,7.1,0.16,4.4,19,50.54,26.09,24.45,4.53,2.19,6.41,1,Class 6: Organic soil / peat
2.66,0.08,14.1,0.08,18.44,19,50.54,26.09,24.45,1.08,1.08,53.88,1,Class 6: Organic soil / peat
2.67,68.49,245.4,68.72,0.36,19,50.73,26.19,24.54,2798.64,917.2,0.36,0.21,Class 1: Gravelly sand to dense sand
2.67,0.14,6.9,0.14,4.81,19,50.73,26.19,24.54,3.78,1.83,7.45,1,Class 6: Organic soil / peat
2.67,0.07,13.8,0.07,19.29,19,50.73,26.19,24.54,0.87,0.87,65.15,1,Class 6: Organic soil / peat
2.68,68.82,249.2,68.82,0.41,19,50.92,26.29,24.63,2792.08,942.09,0.41,0.23,Class 1: Gravelly sand to dense sand
2.68,3.4,8,5.41,0.15,19,50.92,26.29,24.63,217.46,99.4,0.16,0.45,Class 2: Sand to silty sand
2.68,0.12,6.7,0.12,5.66,19,50.92,26.29,24.63,2.74,1.33,9.94,1,Class 6: Organic soil / peat
2.68,0.06,13.8,0.06,21.16,19,50.92,26.29,24.63,0.57,0.57,98.24,1,Class 6: Organic soil / peat
2.69,69.14,358.8,69.86,0.47,19,51.11,26.39,24.72,2823.68,978.44,0.47,0.25,Class 1: Gravelly sand to dense sand
2.69,0.12,6.7,0.12,5.81,19,51.11,26.39,24.72,2.6,1.27,10.42,1,Class 6: Organic soil / peat
2.69,0.06,13.6,0.06,22.79,19,51.11,26.39,24.72,0.36,0.36,154.31,1,Class 6: Organic soil / peat
2.7,71.61,384.8,70.94,0.51,19,51.3,26.49,24.81,2856.85,1001,0.51,0.26,Class 1: Gravelly sand to dense sand
2.7,3.45,8,5.51,0.15,19,51.3,26.49,24.81,219.79,100.32,0.15,0.44,Class 2: Sand to silty sand
2.7,0.11,6.6,0.11,5.74,19,51.3,26.49,24.81,2.56,1.26,10.38,1,Class 6: Organic soil / peat
2.7,0.06,13.6,0.06,23.65,19,51.3,26.49,24.81,0.25,0.25,219.35,1,Class 6: Organic soil / peat
2.71,72.07,340.2,73.16,0.48,19,51.49,26.59,24.9,2935.31,1001,0.48,0.25,Class 1: Gravelly sand to dense sand
2.71,0.12,6,0.12,5.07,19,51.49,26.59,24.9,2.69,1.32,8.97,1,Class 6: Organic soil / peat
2.71,0.06,13.6,0.06,23.59,19,51.49,26.59,24.9,0.24,0.24,225.73,1,Class 6: Organic soil / peat
2.72,75.79,323.9,75.55,0.44,19,51.68,26.68,25,3020.5,1001,0.44,0.23,Class 1: Gravelly sand to dense sand
2.72,3.5,8,5.59,0.14,19,51.68,26.68,25,221.43,101.21,0.14,0.44,Class 2: Sand to silty sand
2.72,0.12,5.8,0.12,4.76,19,51.68,26.68,25,2.81,1.39,8.26,1,Class 6: Organic soil / peat
2.72,0.06,13.5,0.06,22.54,19,51.68,26.68,25,0.33,0.33,162.01,1,Class 6: Organic soil / peat
2.73,78.81,331.5,78.26,0.42,19,51.87,26.78,25.09,3117.45,1001,0.42,0.23,Class 1: Gravelly sand to dense sand
2.73,0.15,5.8,0.15,3.76,19,51.87,26.78,25.09,4.08,2.02,5.67,1,Class 6: Organic soil / peat
2.73,0.06,13.5,0.06,20.8,19,51.87,26.78,25.09,0.52,0.52,103.61,1,Class 6: Organic soil / peat
2.74,80.2,339.1,79.2,0.43,19,52.06,26.88,25.18,3143.04,1001,0.43,0.23,Class 1: Gravelly sand to dense sand
2.74,3.6,8,5.64,0.14,19,52.06,26.88,25.18,221.72,101.43,0.14,0.44,Class 2: Sand to silty sand
2.74,0.15,5.8,0.15,3.76,19,52.06,26.88,25.18,4.06,2.02,5.68,1,Class 6: Organic soil / peat
2.74,0.07,13.5,0.07,18.73,19,52.06,26.88,25.18,0.79,0.79,67.48,1,Class 6: Organic soil / peat
2.75,78.58,349.7,78.88,0.44,19,52.25,26.98,25.27,3119.31,1001,0.44,0.23,Class 1: Gravelly sand to dense sand
2.75,0.15,5.8,0.15,3.75,19,52.25,26.98,25.27,4.05,2.02,5.66,1,Class 6: Organic soil / peat
2.75,0.08,13.5,0.08,16.78,19,52.25,26.98,25.27,1.12,1.12,47.9,1,Class 6: Organic soil / peat
2.76,77.87,348.6,77.42,0.46,19,52.44,27.08,25.36,3050.05,1001,0.46,0.24,Class 1: Gravelly sand to dense sand
2.76,3.55,7,5.63,0.13,19,52.44,27.08,25.36,220.03,100.95,0.13,0.44,Class 2: Sand to silty sand
2.76,0.16,5.9,0.16,3.8,19,52.44,27.08,25.36,4.05,2.03,5.74,1,Class 6: Organic soil / peat
2.76,0.09,13.5,0.09,15.59,19,52.44,27.08,25.36,1.34,1.34,39.65,1,Class 6: Organic soil / peat
2.77,75.79,378.9,76.2,0.5,19,52.63,27.17,25.46,2991.27,1001,0.5,0.25,Class 1: Gravelly sand to dense sand
2.77,0.16,6,0.16,3.69,19,52.63,27.17,25.46,4.32,2.17,5.46,1,Class 6: Organic soil / peat
2.77,0.09,13.4,0.09,14.54,19,52.63,27.17,25.46,1.56,1.56,33.78,1,Class 6: Organic soil / peat
2.78,74.94,405.5,74.93,0.55,19,52.82,27.27,25.55,2930.99,1001,0.55,0.26,Class 1: Gravelly sand to dense sand
2.78,3.45,7,5.62,0.12,19,52.82,27.27,25.55,217.71,100.24,0.13,0.44,Class 2: Sand to silty sand
2.78,0.18,6.2,0.18,3.46,19,52.82,27.27,25.55,4.95,2.5,4.9,1,Class 6: Organic soil / peat
2.78,0.1,13.4,0.1,14.28,19,52.82,27.27,25.55,1.69,1.69,31.75,1,Class 6: Organic soil / peat
2.79,74.08,446.8,74.34,0.59,19,53.01,27.37,25.64,2897.42,1001,0.59,0.28,Class 1: Gravelly sand to dense sand
2.79,0.1,14.3,0.1,14.37,19,53.01,27.37,25.64,1.72,1.72,31.63,1,Class 6: Organic soil / peat
2.8,74.01,464.8,74.11,0.57,19,53.2,27.47,25.73,2877.97,1001,0.57,0.27,Class 1: Gravelly sand to dense sand
2.8,3.5,7,5.51,0.15,19,53.2,27.47,25.73,212.19,99.13,0.15,0.44,Class 2: Sand to silty sand
2.8,0.09,14.2,0.09,15.41,19,53.2,27.47,25.73,1.52,1.52,36.34,1,Class 6: Organic soil / peat
2.81,74.23,347,74.23,0.51,19,53.39,27.57,25.82,2872.58,1001,0.51,0.26,Class 1: Gravelly sand to dense sand
2.81,0.08,14.2,0.08,16.99,19,53.39,27.57,25.82,1.09,1.09,49.1,1,Class 6: Organic soil / peat
2.82,74.46,327.9,75.01,0.44,19,53.58,27.66,25.92,2892.34,1001,0.44,0.23,Class 1: Gravelly sand to dense sand
2.82,3.2,10,5.39,0.16,19,53.58,27.66,25.92,206.11,97.59,0.16,0.45,Class 2: Sand to silty sand
2.82,0.07,13.2,0.07,18.91,19,53.58,27.66,25.92,0.67,0.67,77.52,1,Class 6: Organic soil / peat
2.83,76.34,308.8,75.69,0.43,19,53.77,27.76,26.01,2908.19,1001,0.43,0.23,Class 1: Gravelly sand to dense sand
2.83,0.06,12.8,0.06,20.25,19,53.77,27.76,26.01,0.38,0.38,129.91,1,Class 6: Organic soil / peat
2.84,76.27,342.8,75.68,0.44,19,53.96,27.86,26.1,2897.75,1001,0.44,0.24,Class 1: Gravelly sand to dense sand
2.84,3.05,9,5.26,0.18,19,53.96,27.86,26.1,199.47,95.81,0.18,0.46,Class 2: Sand to silty sand
2.84,0.06,12.7,0.06,22,19,53.96,27.86,26.1,0.14,0.14,336.57,1,Class 6: Organic soil / peat
2.85,74.44,354.1,74.88,0.46,19,54.15,27.96,26.19,2856.97,1001,0.46,0.24,Class 1: Gravelly sand to dense sand
2.86,73.94,346.2,72.91,0.47,19,54.34,28.06,26.28,2771.89,1001,0.48,0.25,Class 1: Gravelly sand to dense sand
2.86,3.05,9,5.22,0.17,19,54.34,28.06,26.28,196.73,94.87,0.17,0.46,Class 2: Sand to silty sand
2.86,0.18,7.8,0.18,4.35,19,54.34,28.06,26.28,4.75,2.47,6.24,1,Class 6: Organic soil / peat
2.87,70.35,338.3,71.2,0.48,19,54.53,28.15,26.38,2697.45,982.6,0.48,0.25,Class 1: Gravelly sand to dense sand
2.87,0.16,7.9,0.16,4.9,19,54.53,28.15,26.38,4.05,2.11,7.4,1,Class 6: Organic soil / peat
2.88,69.31,330.3,69.55,0.45,19,54.72,28.25,26.47,2625.74,951.57,0.45,0.24,Class 1: Gravelly sand to dense sand
2.88,3.05,9,5.27,0.18,19,54.72,28.25,26.47,197.17,95.49,0.18,0.46,Class 2: Sand to silty sand
2.88,0.13,8.3,0.13,6.43,19,54.72,28.25,26.47,2.81,1.47,11.16,1,Class 6: Organic soil / peat
2.89,68.99,267.7,68.99,0.4,19,54.91,28.35,26.56,2595.49,926.48,0.4,0.23,Class 1: Gravelly sand to dense sand
2.89,0.12,8.4,0.12,6.99,19,54.91,28.35,26.56,2.45,1.29,12.89,1,Class 6: Organic soil / peat
2.9,68.66,235.8,68.86,0.37,19,55.1,28.45,26.65,2581.69,910.45,0.37,0.22,Class 1: Gravelly sand to dense sand
2.9,3.15,10,5.31,0.18,19,55.1,28.45,26.65,196.99,95.69,0.18,0.46,Class 2: Sand to silty sand
2.9,0.12,8.4,0.12,6.98,19,55.1,28.45,26.65,2.45,1.29,12.86,1,Class 6: Organic soil / peat
2.91,68.93,257.6,68.56,0.38,19,55.29,28.55,26.74,2561.69,909.34,0.38,0.22,Class 1: Gravelly sand to dense sand
2.91,0.12,8.4,0.12,6.96,19,55.29,28.55,26.74,2.45,1.29,12.84,1,Class 6: Organic soil / peat
2.92,68.1,279.4,67.95,0.4,19,55.48,28.65,26.83,2529.94,911.45,0.4,0.23,Class 1: Gravelly sand to dense sand
2.92,3.1,9,5.3,0.17,19,55.48,28.65,26.83,195.56,95.23,0.17,0.46,Class 2: Sand to silty sand
2.92,0.12,8.4,0.12,6.89,19,55.48,28.65,26.83,2.48,1.31,12.65,1,Class 6: Organic soil / peat
2.93,66.81,280.9,67.05,0.45,19,55.67,28.74,26.93,2488.17,916.45,0.45,0.25,Class 1: Gravelly sand to dense sand
2.93,0.13,8.4,0.13,6.69,19,55.67,28.74,26.93,2.59,1.38,12.03,1,Class 6: Organic soil / peat
2.94,66.25,337,66.44,0.46,19,55.86,28.84,27.02,2456.93,913.92,0.46,0.25,Class 1: Gravelly sand to dense sand
2.94,3,8,5.27,0.14,19,55.86,28.84,27.02,192.92,93.58,0.14,0.45,Class 2: Sand to silty sand
2.94,0.12,8.4,0.12,6.89,19,55.86,28.84,27.02,2.44,1.3,12.72,1,Class 6: Organic soil / peat
2.95,66.25,304.1,66.21,0.46,19,56.05,28.94,27.11,2440.1,909.3,0.46,0.25,Class 1: Gravelly sand to dense sand
2.95,0.11,8.5,0.11,7.41,19,56.05,28.94,27.11,2.16,1.16,14.49,1,Class 6: Organic soil / peat
2.96,66.12,271.3,65.53,0.43,19,56.24,29.04,27.2,2407.09,890.41,0.43,0.24,Class 1: Gravelly sand to dense sand
2.96,3,5,5.17,0.12,19,56.24,29.04,27.2,187.87,91.39,0.12,0.45,Class 2: Sand to silty sand
2.96,0.11,8.7,0.11,7.83,19,56.24,29.04,27.2,2.02,1.08,15.86,1,Class 6: Organic soil / peat
2.97,64.23,270.8,64.45,0.49,19,56.43,29.14,27.29,2359.08,895.77,0.49,0.26,Class 1: Gravelly sand to dense sand
2.97,0.11,8.7,0.11,8.22,19,56.43,29.14,27.29,1.81,0.97,17.62,1,Class 6: Organic soil / peat
2.98,62.98,404.1,63.36,0.64,19,56.62,29.23,27.39,2311.61,923.17,0.64,0.3,Class 1: Gravelly sand to dense sand
2.98,2.75,6,5.07,0.13,19,56.62,29.23,27.39,182.88,89.72,0.13,0.46,Class 2: Sand to silty sand
2.98,5.39,0.1,5.38,0,19,56.62,18.44,38.18,139.57,101.14,0,0.67,Class 3: Silty sand to sandy silt
2.98,0.1,9.2,0.1,8.77,19,56.62,29.23,27.39,1.76,0.95,19.06,1,Class 6: Organic soil / peat
2.99,5.33,-2.3,5.33,-0.04,19,56.81,18.54,38.27,137.71,104.02,-0.04,1,Class 1: Gravelly sand to dense sand
2.99,62.87,537.5,62.87,0.8,19,56.81,29.33,27.48,2286.06,953.28,0.8,0.33,Class 1: Gravelly sand to dense sand
2.99,0.1,9,0.1,8.65,19,56.81,29.33,27.48,1.72,0.93,19.07,1,Class 6: Organic soil / peat
2.99,0.06,12.8,0.06,21.68,19,56.81,29.33,27.48,0.08,0.08,610.85,1,Class 6: Organic soil / peat
3,5.61,-4.1,5.61,-0.07,19,57,18.64,38.36,144.65,109.53,-0.07,1,Class 1: Gravelly sand to dense sand
3,62.76,561,62.87,0.89,19,57,29.43,27.57,2278.17,971.66,0.89,0.35,Class 1: Gravelly sand to dense sand
3,2.65,8,4.95,0.15,19,57,29.43,27.57,177.35,88.35,0.15,0.46,Class 2: Sand to silty sand
3,0.1,9.4,0.1,9.04,19,57,29.43,27.57,1.7,0.93,20,1,Class 6: Organic soil / peat
3,0.06,12.7,0.06,19.99,19,57,29.43,27.57,0.24,0.24,190.05,1,Class 6: Organic soil / peat
3.01,5.15,-2,5.14,-0.04,19,57.19,18.74,38.45,132.2,100.34,-0.04,1,Class 1: Gravelly sand to dense sand
3.01,62.96,578.6,62.96,0.91,19,57.19,29.53,27.66,2274.09,977,0.91,0.35,Class 1: Gravelly sand to dense sand
3.01,0.09,9.5,0.09,10.6,19,57.19,29.53,27.66,1.17,0.64,29.31,1,Class 6: Organic soil / peat
3.01,0.07,12.7,0.07,18.82,19,57.19,29.53,27.66,0.37,0.37,125.29,1,Class 6: Organic soil / peat
3.02,5.39,-1.8,5.39,-0.03,19,57.38,18.84,38.54,138.22,105.16,-0.03,1,Class 1: Gravelly sand to dense sand
3.02,63.16,586.9,63.43,0.9,19,57.38,29.63,27.75,2283.49,980.66,0.9,0.35,Class 1: Gravelly sand to dense sand
3.02,2.6,8,4.95,0.16,19,57.38,29.63,27.75,176.11,88.28,0.16,0.47,Class 2: Sand to silty sand
3.02,0.08,9.7,0.08,12.29,19,57.38,29.63,27.75,0.78,0.42,45.07,1,Class 6: Organic soil / peat
3.02,0.07,12.6,0.07,18.39,19,57.38,29.63,27.75,0.4,0.4,113.31,1,Class 6: Organic soil / peat
3.03,5.12,-1.5,5.11,-0.03,19,57.57,18.93,38.64,130.86,99.8,-0.03,1,Class 1: Gravelly sand to dense sand
3.03,64.17,553.8,63.33,0.87,19,57.57,29.72,27.85,2272.11,972.32,0.88,0.34,Class 1: Gravelly sand to dense sand
3.03,0.06,9.7,0.06,15.04,19,57.57,29.72,27.85,0.25,0.14,139.97,1,Class 6: Organic soil / peat
3.03,0.07,12.5,0.07,18.3,19,57.57,29.72,27.85,0.39,0.39,114.67,1,Class 6: Organic soil / peat
3.04,62.64,520.7,62.6,0.8,19,57.76,29.82,27.94,2238.58,946.02,0.8,0.33,Class 1: Gravelly sand to dense sand
3.04,2.7,7,4.99,0.14,19,57.76,29.82,27.94,176.66,88.39,0.14,0.46,Class 2: Sand to silty sand
3.04,0.06,9.8,0.06,16.07,19,57.76,29.82,27.94,0.12,0.06,302.47,1,Class 6: Organic soil / peat
3.04,0.07,12.5,0.07,18.36,19,57.76,29.82,27.94,0.36,0.36,122.95,1,Class 6: Organic soil / peat
3.05,0.06,9.8,0.06,17.07,19,57.95,29.92,28.03,-0.02,-0.01,,1,Class 1: Gravelly sand to dense sand
3.05,60.98,431.3,60.09,0.77,19,57.95,29.92,28.03,2141.84,903.17,0.77,0.33,Class 1: Gravelly sand to dense sand
3.05,0.07,12.4,0.07,18.66,19,57.95,29.92,28.03,0.32,0.32,138.12,1,Class 6: Organic soil / peat
3.06,0.05,9.9,0.05,19.72,19,58.14,30.02,28.12,-0.28,-0.16,,1,Class 1: Gravelly sand to dense sand
3.06,56.66,432,57.39,0.72,19,58.14,30.02,28.12,2038.56,855.1,0.72,0.32,Class 1: Gravelly sand to dense sand
3.06,2.75,6,5.08,0.12,19,58.14,30.02,28.12,178.4,88.98,0.13,0.46,Class 2: Sand to silty sand
3.06,0.07,12.6,0.07,18.97,19,58.14,30.02,28.12,0.29,0.29,155.27,1,Class 6: Organic soil / peat
3.07,0.04,10,0.04,27.86,19,58.33,30.12,28.21,-0.8,-0.44,-44.58,1,Class 1: Gravelly sand to dense sand
3.07,54.52,374.8,54.99,0.72,19,58.33,30.12,28.21,1947.19,821.27,0.72,0.32,Class 1: Gravelly sand to dense sand
3.07,0.07,12.7,0.07,19.17,19,58.33,30.12,28.21,0.28,0.28,160.69,1,Class 6: Organic soil / peat
3.08,0.03,10,0.03,30.96,19,58.52,30.21,28.31,-0.93,-0.52,-38.14,1,Class 1: Gravelly sand to dense sand
3.08,53.81,376,53.21,0.7,19,58.52,30.21,28.31,1877.73,793.85,0.71,0.32,Class 1: Gravelly sand to dense sand
3.08,2.8,6,5.06,0.12,19,58.52,30.21,28.31,176.58,88.33,0.12,0.46,Class 2: Sand to silty sand
3.08,0.07,12.8,0.07,19.07,19,58.52,30.21,28.31,0.3,0.3,148.61,1,Class 6: Organic soil / peat
3.09,0.03,10.3,0.03,41.04,19,58.71,30.31,28.4,-1.18,-0.66,-30.65,1,Class 1: Gravelly sand to dense sand
3.09,51.3,374.3,51.81,0.72,19,58.71,30.31,28.4,1822.35,777.34,0.72,0.33,Class 1: Gravelly sand to dense sand
3.09,0.07,12.9,0.07,18.35,19,58.71,30.31,28.4,0.41,0.41,111.3,1,Class 6: Organic soil / peat
3.1,0.01,10.5,0.01,73.43,19,58.9,30.41,28.49,-1.57,-0.88,-23.54,1,Class 1: Gravelly sand to dense sand
3.1,50.32,372.6,50.72,0.72,19,58.9,30.41,28.49,1778.4,761.65,0.72,0.33,Class 1: Gravelly sand to dense sand
3.1,2.6,6,5.07,0.12,19,58.9,30.41,28.49,175.95,88.33,0.12,0.46,Class 2: Sand to silty sand
3.1,0.08,13,0.08,17.18,19,58.9,30.41,28.49,0.59,0.59,77.53,1,Class 6: Organic soil / peat
3.11,0.01,10.5,0.01,97.22,19,59.09,30.51,28.58,-1.69,-0.95,-21.74,1,Class 1: Gravelly sand to dense sand
3.11,50.56,351.2,50.56,0.69,19,59.09,30.51,28.58,1766.79,753.82,0.7,0.33,Class 1: Gravelly sand to dense sand
3.11,0.08,13.1,0.08,16.05,19,59.09,30.51,28.58,0.79,0.79,58.11,1,Class 6: Organic soil / peat
3.12,0.01,10.6,0.01,147.22,19,59.28,30.61,28.67,-1.82,-1.03,-20.35,1,Class 1: Gravelly sand to dense sand
3.12,50.79,329.7,50.78,0.68,19,59.28,30.61,28.67,1768.93,753.12,0.68,0.32,Class 1: Gravelly sand to dense sand
3.12,2.75,6,4.95,0.12,19,59.28,30.61,28.67,170.69,86.45,0.12,0.46,Class 2: Sand to silty sand
3.12,0.09,13.2,0.09,15.49,19,59.28,30.61,28.67,0.9,0.9,50.93,1,Class 6: Organic soil / peat
3.13,0,10.6,0,,19,59.47,30.71,28.76,-2.19,-1.24,-16.81,1,Class 1: Gravelly sand to dense sand
3.13,50.99,351.8,50.7,0.67,19,59.47,30.71,28.76,1760.5,750.5,0.67,0.32,Class 1: Gravelly sand to dense sand
3.13,0.09,13.3,0.09,15.43,19,59.47,30.71,28.76,0.94,0.94,49.51,1,Class 6: Organic soil / peat
3.14,-0.01,10.7,-0.01,,19,59.66,30.8,28.86,-2.32,-1.32,-16,1,Class 1: Gravelly sand to dense sand
3.14,50.32,342.3,49.99,0.68,19,59.66,30.8,28.86,1730.3,742.37,0.69,0.33,Class 1: Gravelly sand to dense sand
3.14,2.4,6,4.97,0.11,19,59.66,30.8,28.86,170.11,86.29,0.12,0.46,Class 2: Sand to silty sand
3.14,0.09,13.5,0.08,15.92,19,59.66,30.8,28.86,0.86,0.86,54,1,Class 6: Organic soil / peat
3.15,0,10.7,0,,19,59.85,30.9,28.95,-2.19,-1.25,-16.86,1,Class 1: Gravelly sand to dense sand
3.15,48.66,332.7,49.1,0.67,19,59.85,30.9,28.95,1694.21,727.85,0.67,0.33,Class 1: Gravelly sand to dense sand
3.15,0.08,13.6,0.08,16.56,19,59.85,30.9,28.95,0.76,0.76,61.53,1,Class 6: Organic soil / peat
3.16,-0.01,10.8,-0.01,-75.52,19,60.04,31,29.04,-2.56,-1.47,-14.53,1,Class 1: Gravelly sand to dense sand
3.16,48.34,317.6,48.4,0.66,19,60.04,31,29.04,1664.45,714.62,0.66,0.32,Class 1: Gravelly sand to dense sand
3.16,2.6,5,4.98,0.11,19,60.04,31,29.04,169.53,86.3,0.12,0.46,Class 2: Sand to silty sand
3.16,0.08,13.6,0.08,17.13,19,60.04,31,29.04,0.68,0.68,69.28,1,Class 6: Organic soil / peat
3.17,-0.02,10.8,-0.02,-67.08,19,60.23,31.1,29.13,-2.62,-1.51,-14.15,1,Class 1: Gravelly sand to dense sand
3.17,48.19,302.6,48.02,0.63,19,60.23,31.1,29.13,1646.17,704.27,0.63,0.32,Class 1: Gravelly sand to dense sand
3.17,0.08,13.8,0.08,17.21,19,60.23,31.1,29.13,0.68,0.68,69.63,1,Class 6: Organic soil / peat
3.18,-0.02,10.9,-0.02,-64.12,19,60.42,31.2,29.22,-2.65,-1.53,-14.08,1,Class 1: Gravelly sand to dense sand
3.18,47.52,287.3,47.77,0.61,19,60.42,31.2,29.22,1632.44,697.21,0.61,0.32,Class 1: Gravelly sand to dense sand
3.18,2.75,6,5.15,0.11,19,60.42,31.2,29.22,174.1,88.39,0.11,0.45,Class 2: Sand to silty sand
3.18,0.08,13.9,0.08,16.77,19,60.42,31.2,29.22,0.76,0.76,62.24,1,Class 6: Organic soil / peat
3.19,-0.02,11.1,-0.02,-65.29,19,60.61,31.29,29.32,-2.65,-1.53,-14.3,1,Class 1: Gravelly sand to dense sand
3.19,47.59,287.7,47.59,0.6,19,60.61,31.29,29.32,1621.13,692.82,0.61,0.31,Class 1: Gravelly sand to dense sand
3.19,0.09,13.9,0.08,16.62,19,60.61,31.29,29.32,0.79,0.79,60.37,1,Class 6: Organic soil / peat
3.2,-0.02,11.3,-0.02,-68.07,19,60.8,31.39,29.41,-2.63,-1.53,-14.6,1,Class 1: Gravelly sand to dense sand
3.2,47.65,288.1,47.55,0.63,19,60.8,31.39,29.41,1614.91,696.31,0.63,0.32,Class 1: Gravelly sand to dense sand
3.2,2.85,6,5.3,0.13,19,60.8,31.39,29.41,178.04,90.71,0.13,0.45,Class 2: Sand to silty sand
3.2,0.08,13.9,0.08,16.55,19,60.8,31.39,29.41,0.79,0.79,59.91,1,Class 6: Organic soil / peat
3.21,-0.02,11.4,-0.02,-70.81,19,60.99,31.49,29.5,-2.61,-1.52,-14.79,1,Class 1: Gravelly sand to dense sand
3.21,47.42,322.9,47.1,0.72,19,60.99,31.49,29.5,1594.51,704.98,0.72,0.34,Class 1: Gravelly sand to dense sand
3.21,0.08,13.9,0.08,16.87,19,60.99,31.49,29.5,0.72,0.72,65.38,1,Class 6: Organic soil / peat
3.22,-0.01,11.4,-0.01,,19,61.18,31.59,29.59,-2.43,-1.42,-15.84,1,Class 1: Gravelly sand to dense sand
3.22,46.23,409.9,46.29,0.83,19,61.18,31.59,29.59,1562.12,709.25,0.83,0.36,Class 1: Gravelly sand to dense sand
3.22,3,8,5.43,0.14,19,61.18,31.59,29.59,181.37,92.64,0.14,0.45,Class 2: Sand to silty sand
3.22,0.08,13.8,0.08,16.94,19,61.18,31.59,29.59,0.69,0.69,67.52,1,Class 6: Organic soil / peat
3.23,0,11.6,0,0,19,61.37,31.69,29.68,0,-1.21,0,1,Class 1: Gravelly sand to dense sand
3.23,0.08,13.8,0.08,16.78,19,61.37,31.69,29.68,0.67,0.67,68.64,1,Class 6: Organic soil / peat
3.24,0.01,11.7,0.01,108.33,19,61.56,31.78,29.78,-1.7,-1,-23.05,1,Class 1: Gravelly sand to dense sand
3.24,3.1,8,5.59,0.15,19,61.56,31.78,29.78,185.78,95.17,0.15,0.45,Class 2: Sand to silty sand
3.24,0.08,13.3,0.08,16.37,19,61.56,31.78,29.78,0.68,0.68,66.1,1,Class 6: Organic soil / peat
3.25,0.02,11.8,0.02,65.92,19,61.75,31.88,29.87,-1.47,-0.87,-26.91,1,Class 1: Gravelly sand to dense sand
3.25,0.08,13.1,0.08,15.94,19,61.75,31.88,29.87,0.69,0.69,63.7,1,Class 6: Organic soil / peat
3.26,0.01,12,0.01,83.92,19,61.94,31.98,29.96,-1.59,-0.94,-25.19,1,Class 1: Gravelly sand to dense sand
3.26,3.3,9,5.74,0.14,19,61.94,31.98,29.96,189.58,96.8,0.14,0.45,Class 2: Sand to silty sand
3.26,0.08,13,0.09,15.26,19,61.94,31.98,29.96,0.78,0.78,55.89,1,Class 6: Organic soil / peat
3.27,0.01,12.3,0.01,170.83,19,62.13,32.08,30.05,-1.83,-1.08,-22.39,1,Class 1: Gravelly sand to dense sand
3.27,0.09,12.9,0.09,14.49,19,62.13,32.08,30.05,0.89,0.89,48.24,1,Class 6: Organic soil / peat
3.28,0.01,12.5,0.01,176.06,19,62.32,32.18,30.14,-1.83,-1.09,-22.64,1,Class 1: Gravelly sand to dense sand
3.28,3.4,7,5.86,0.14,19,62.32,32.18,30.14,192.23,98.14,0.14,0.45,Class 2: Sand to silty sand
3.28,0.09,12.7,0.09,13.71,19,62.32,32.18,30.14,1,1,42.11,1,Class 6: Organic soil / peat
3.29,0.01,12.7,0.01,176.39,19,62.51,32.27,30.24,-1.83,-1.09,-22.96,1,Class 1: Gravelly sand to dense sand
3.29,0.09,12.4,0.09,13.46,19,62.51,32.27,30.24,0.99,0.99,41.6,1,Class 6: Organic soil / peat
3.3,0.01,12.7,0.01,176.39,19,62.7,32.37,30.33,-1.83,-1.1,-22.88,1,Class 1: Gravelly sand to dense sand
3.3,3.4,8,5.96,0.13,19,62.7,32.37,30.33,194.29,99.09,0.13,0.44,Class 2: Sand to silty sand
3.3,0.09,12.2,0.09,13.56,19,62.7,32.37,30.33,0.9,0.9,44.69,1,Class 6: Organic soil / peat
3.31,0.01,12.8,0.01,89.51,19,62.89,32.47,30.42,-1.6,-0.96,-26.34,1,Class 1: Gravelly sand to dense sand
3.31,44.99,368.2,44.33,0.79,19,62.89,32.47,30.42,1455.2,670.43,0.79,0.36,Class 1: Gravelly sand to dense sand
3.31,0.09,12,0.09,13.85,19,62.89,32.47,30.42,0.77,0.77,50.9,1,Class 6: Organic soil / peat
3.32,0.01,12.9,0.01,119.44,19,63.08,32.57,30.51,-1.71,-1.03,-24.67,1,Class 1: Gravelly sand to dense sand
3.32,43.72,306.6,43.27,0.75,19,63.08,32.57,30.51,1415.99,650.15,0.75,0.35,Class 1: Gravelly sand to dense sand
3.32,3.55,8,6.09,0.13,19,63.08,32.57,30.51,197.42,100.79,0.13,0.44,Class 2: Sand to silty sand
3.32,0.08,11.7,0.08,14.21,19,63.08,32.57,30.51,0.65,0.65,59.67,1,Class 6: Organic soil / peat
3.33,0.01,12.9,0.01,140.22,19,63.27,32.67,30.6,-1.77,-1.07,-23.86,1,Class 1: Gravelly sand to dense sand
3.33,41.09,300.6,40.73,0.71,19,63.27,32.67,30.6,1328.85,609.17,0.71,0.35,Class 1: Gravelly sand to dense sand
3.33,0.08,11.6,0.08,14.54,19,63.27,32.67,30.6,0.54,0.54,70.18,1,Class 6: Organic soil / peat
3.34,0.01,12.9,0.01,137.23,19,63.46,32.77,30.69,-1.76,-1.07,-23.86,1,Class 1: Gravelly sand to dense sand
3.34,37.38,256.7,38.35,0.69,19,63.46,32.77,30.69,1247.37,574.5,0.69,0.35,Class 1: Gravelly sand to dense sand
3.34,3.75,8,6.24,0.13,19,63.46,32.77,30.69,201.06,102.71,0.14,0.44,Class 2: Sand to silty sand
3.34,0.08,11.5,0.08,14.79,19,63.46,32.77,30.69,0.47,0.47,80.57,1,Class 6: Organic soil / peat
3.35,0.01,12.8,0.01,131.96,19,63.65,32.86,30.79,-1.75,-1.06,-23.73,1,Class 1: Gravelly sand to dense sand
3.35,36.58,238.6,36.14,0.66,19,63.65,32.86,30.79,1171.93,540.7,0.66,0.35,Class 1: Gravelly sand to dense sand
3.35,0.08,11.4,0.08,14.81,19,63.65,32.86,30.79,0.43,0.43,85.39,1,Class 6: Organic soil / peat
3.36,0.01,12.8,0.01,118.52,19,63.84,32.96,30.88,-1.72,-1.05,-24.13,1,Class 1: Gravelly sand to dense sand
3.36,34.47,223.5,35.18,0.65,19,63.84,32.96,30.88,1137.4,525.66,0.65,0.35,Class 1: Gravelly sand to dense sand
3.36,3.8,9,6.35,0.13,19,63.84,32.96,30.88,203.58,104.01,0.13,0.43,Class 2: Sand to silty sand
3.36,0.08,11.3,0.08,14.72,19,63.84,32.96,30.88,0.43,0.43,86.12,1,Class 6: Organic soil / peat
3.37,0.01,12.7,0.01,88.81,19,64.03,33.06,30.97,-1.61,-0.98,-25.54,1,Class 1: Gravelly sand to dense sand
3.37,34.5,222.6,34.53,0.65,19,64.03,33.06,30.97,1112.99,516.96,0.65,0.35,Class 1: Gravelly sand to dense sand
3.37,0.08,11.3,0.08,14.55,19,64.03,33.06,30.97,0.45,0.45,81.91,1,Class 6: Organic soil / peat
3.38,0,12.5,0,0,19,64.22,33.16,31.06,0,-1.27,0,1,Class 1: Gravelly sand to dense sand
3.38,34.63,230.6,34.63,0.66,19,64.22,33.16,31.06,1112.69,518.28,0.66,0.35,Class 1: Gravelly sand to dense sand
3.38,3.85,8,6.38,0.13,19,64.22,33.16,31.06,203.38,104.21,0.13,0.43,Class 2: Sand to silty sand
3.38,0.08,11.4,0.08,14.33,19,64.22,33.16,31.06,0.5,0.5,73.38,1,Class 6: Organic soil / peat
3.39,-0.01,12.5,-0.01,,19,64.41,33.26,31.15,-2.3,-1.41,-17.46,1,Class 1: Gravelly sand to dense sand
3.39,34.75,230.1,35.07,0.66,19,64.41,33.26,31.15,1123.58,523.57,0.66,0.35,Class 1: Gravelly sand to dense sand
3.39,0.08,11.6,0.08,14.01,19,64.41,33.26,31.15,0.59,0.59,63.08,1,Class 6: Organic soil / peat
3.4,-0.01,12.1,-0.01,,19,64.6,33.35,31.25,-2.41,-1.49,-16.05,1,Class 1: Gravelly sand to dense sand
3.4,35.83,229.6,35.66,0.63,19,64.6,33.35,31.25,1139.33,527.82,0.63,0.35,Class 1: Gravelly sand to dense sand
3.4,3.8,8,6.38,0.13,19,64.6,33.35,31.25,202.12,103.97,0.13,0.43,Class 2: Sand to silty sand
3.4,0.09,11.8,0.09,13.48,19,64.6,33.35,31.25,0.77,0.77,49.45,1,Class 6: Organic soil / peat
3.41,-0.02,11.6,-0.02,-64.8,19,64.79,33.45,31.34,-2.64,-1.63,-14.03,1,Class 1: Gravelly sand to dense sand
3.41,36.41,212.5,36.66,0.55,19,64.79,33.45,31.34,1167.63,530.57,0.55,0.33,Class 1: Gravelly sand to dense sand
3.41,0.1,12.5,0.1,12.9,19,64.79,33.45,31.34,1.03,1.03,38.71,1,Class 6: Organic soil / peat
3.42,-0.02,10.4,-0.02,-48.37,19,64.98,33.55,31.43,-2.75,-1.71,-12.03,1,Class 1: Gravelly sand to dense sand
3.42,37.73,163,37.29,0.48,19,64.98,33.55,31.43,1184.36,528.72,0.48,0.31,Class 1: Gravelly sand to dense sand
3.42,3.75,9,6.36,0.14,19,64.98,33.55,31.43,200.34,103.66,0.14,0.44,Class 2: Sand to silty sand
3.42,2.89,23.5,2.88,0.81,19,64.98,22.76,42.22,66.79,50.15,0.83,0.67,Class 3: Silty sand to sandy silt
3.42,0.11,13.3,0.11,12.22,19,64.98,33.55,31.43,1.4,1.4,30.2,1,Class 6: Organic soil / peat
3.43,-0.03,9.5,-0.03,-29.41,19,65.17,33.65,31.52,-3.09,-1.92,-9.75,1,Class 1: Gravelly sand to dense sand
3.43,37.73,163.9,37.3,0.43,19,65.17,33.65,31.52,1181.1,520.9,0.43,0.3,Class 1: Gravelly sand to dense sand
3.43,2.07,24.9,2.06,1.21,19,65.17,22.86,42.31,47.12,37.87,1.25,0.75,Class 3: Silty sand to sandy silt
3.43,0.12,14.2,0.12,11.45,19,65.17,33.65,31.52,1.81,1.81,24.52,1,Class 6: Organic soil / peat
3.44,-0.06,9.3,-0.06,-14.42,19,65.36,33.75,31.61,-4.11,-2.56,-7.16,1,Class 1: Gravelly sand to dense sand
3.44,36.43,151.3,36.68,0.44,19,65.36,33.75,31.61,1158.33,514.6,0.44,0.3,Class 1: Gravelly sand to dense sand
3.44,3.75,9,6.31,0.14,19,65.36,33.75,31.61,197.53,102.75,0.14,0.44,Class 2: Sand to silty sand
3.44,1.82,30.2,1.81,1.67,19,65.36,22.96,42.4,41.17,34.39,1.73,0.79,Class 3: Silty sand to sandy silt
3.44,0.14,14.5,0.13,10.87,19,65.36,33.75,31.61,2.14,2.14,21.38,1,Class 6: Organic soil / peat
3.45,-0.08,8.8,-0.08,-11.15,19,65.55,33.84,31.71,-4.56,-2.85,-6.09,1,Class 1: Gravelly sand to dense sand
3.45,35.89,167.2,35.84,0.47,19,65.55,33.84,31.71,1128.34,507.72,0.47,0.31,Class 1: Gravelly sand to dense sand
3.45,1.92,36.1,1.91,1.89,19,65.55,23.05,42.5,43.36,36.37,1.96,0.8,Class 3: Silty sand to sandy silt
3.45,0.14,14.7,0.14,10.53,19,65.55,33.84,31.71,2.32,2.32,19.92,1,Class 6: Organic soil / peat
3.46,-0.09,8.8,-0.09,-10.28,19,65.74,33.94,31.8,-4.76,-2.99,-5.81,1,Class 1: Gravelly sand to dense sand
3.46,35.19,183,35.36,0.51,19,65.74,33.94,31.8,1109.92,505.82,0.51,0.32,Class 1: Gravelly sand to dense sand
3.46,3.6,8,6.21,0.13,19,65.74,33.94,31.8,193.18,100.89,0.13,0.44,Class 2: Sand to silty sand
3.46,1.8,32.9,1.8,1.83,19,65.74,23.15,42.59,40.62,34.14,1.9,0.8,Class 3: Silty sand to sandy silt
3.46,0.14,14.7,0.14,10.53,19,65.74,33.94,31.8,2.34,2.34,19.83,1,Class 6: Organic soil / peat
3.47,-0.09,7.6,-0.09,-8.79,19,65.93,34.04,31.89,-4.78,-3.01,-4.99,1,Class 1: Gravelly sand to dense sand
3.47,34.99,185.9,34.95,0.52,19,65.93,34.04,31.89,1094.05,502.7,0.53,0.33,Class 1: Gravelly sand to dense sand
3.47,1.74,36.2,1.73,2.09,19,65.93,23.25,42.68,38.98,32.84,2.18,0.82,Class 3: Silty sand to sandy silt
3.47,0.14,14.9,0.14,10.98,19,65.93,34.04,31.89,2.18,2.18,21.39,1,Class 6: Organic soil / peat
3.48,-0.09,7.5,-0.09,-8.7,19,66.12,34.14,31.98,-4.76,-3.01,-4.92,1,Class 1: Gravelly sand to dense sand
3.48,34.68,180.8,34.1,0.53,19,66.12,34.14,31.98,1064.22,492.06,0.53,0.33,Class 1: Gravelly sand to dense sand
3.48,3.4,7,6.09,0.12,19,66.12,34.14,31.98,188.36,98.81,0.12,0.44,Class 2: Sand to silty sand
3.48,1.77,36.2,1.76,2.06,19,66.12,23.35,42.77,39.62,33.45,2.14,0.82,Class 3: Silty sand to sandy silt
3.48,0.13,15,0.13,11.89,19,66.12,34.14,31.98,1.87,1.87,25.05,1,Class 6: Organic soil / peat
3.49,-0.09,7.3,-0.09,-8.49,19,66.31,34.24,32.07,-4.75,-3.01,-4.79,1,Class 1: Gravelly sand to dense sand
3.49,32.63,175.7,33.12,0.54,19,66.31,34.24,32.07,1030.6,480.72,0.55,0.34,Class 1: Gravelly sand to dense sand
3.49,1.64,36.2,1.64,2.21,19,66.31,23.45,42.86,36.63,31,2.31,0.84,Class 3: Silty sand to sandy silt
3.49,0.11,15,0.11,13.31,19,66.31,34.24,32.07,1.45,1.45,32.33,1,Class 6: Organic soil / peat
3.5,-0.08,7.1,-0.08,-9,19,66.5,34.34,32.17,-4.52,-2.87,-4.88,1,Class 1: Gravelly sand to dense sand
3.5,32.05,184.7,32.29,0.57,19,66.5,34.34,32.17,1001.77,472.57,0.57,0.35,Class 1: Gravelly sand to dense sand
3.5,3.35,7,6.02,0.12,19,66.5,34.34,32.17,185.14,97.69,0.12,0.44,Class 2: Sand to silty sand
3.5,1.73,36.8,1.72,2.14,19,66.5,23.54,42.96,38.54,32.68,2.22,0.83,Class 3: Silty sand to sandy silt
3.5,0.1,15,0.1,14.46,19,66.5,34.34,32.17,1.16,1.16,40.29,1,Class 6: Organic soil / peat
3.51,-0.08,7.1,-0.08,-9,19,66.69,34.43,32.26,-4.51,-2.87,-4.88,1,Class 1: Gravelly sand to dense sand
3.51,32.18,193.7,32.18,0.6,19,66.69,34.43,32.26,995.66,474.23,0.61,0.35,Class 1: Gravelly sand to dense sand
3.51,1.62,37.4,1.62,2.31,19,66.69,23.64,43.05,36.02,30.61,2.41,0.84,Class 3: Silty sand to sandy silt
3.51,0.1,15,0.1,15.02,19,66.69,34.43,32.26,1.02,1.02,45.43,1,Class 6: Organic soil / peat
3.52,-0.08,6.9,-0.08,-9.16,19,66.88,34.53,32.35,-4.4,-2.81,-4.85,1,Class 1: Gravelly sand to dense sand
3.52,32.32,204.8,32.25,0.61,19,66.88,34.53,32.35,994.98,475.58,0.61,0.35,Class 1: Gravelly sand to dense sand
3.52,3.35,8,6.04,0.13,19,66.88,34.53,32.35,184.54,97.83,0.13,0.44,Class 2: Sand to silty sand
3.52,1.54,45.5,1.54,2.96,19,66.88,23.74,43.14,34.05,28.99,3.1,0.88,Class 4: Clayey silt to silty clay
3.52,0.1,14.9,0.1,14.99,19,66.88,34.53,32.35,1,1,46,1,Class 6: Organic soil / peat
3.53,-0.07,6.6,-0.07,-9.21,19,67.07,34.63,32.44,-4.28,-2.74,-4.76,1,Class 1: Gravelly sand to dense sand
3.53,32.26,193.7,32.49,0.6,19,67.07,34.63,32.44,999.3,476.59,0.6,0.35,Class 1: Gravelly sand to dense sand
3.53,1.47,46.4,1.46,3.18,19,67.07,23.84,43.23,32.18,27.46,3.34,0.89,Class 4: Clayey silt to silty clay
3.53,0.1,14.7,0.1,14.73,19,67.07,34.63,32.44,1.01,1.01,44.96,1,Class 6: Organic soil / peat
3.54,-0.05,6.5,-0.05,-12.08,19,67.26,34.73,32.53,-3.72,-2.39,-5.37,1,Class 1: Gravelly sand to dense sand
3.54,32.88,182.7,32.66,0.57,19,67.26,34.73,32.53,1001.85,475.2,0.57,0.34,Class 1: Gravelly sand to dense sand
3.54,3.4,8,6.12,0.13,19,67.26,34.73,32.53,186,98.85,0.13,0.44,Class 2: Sand to silty sand
3.54,1.5,48.4,1.5,3.24,19,67.26,23.94,43.32,32.96,28.18,3.39,0.89,Class 4: Clayey silt to silty clay
3.54,0.1,14.5,0.1,14.36,19,67.26,34.73,32.53,1.01,1.01,43.63,1,Class 6: Organic soil / peat
3.55,-0.04,6.5,-0.04,-15.12,19,67.45,34.83,32.62,-3.39,-2.18,-5.89,1,Class 1: Gravelly sand to dense sand
3.55,32.84,178.2,32.85,0.53,19,67.45,34.83,32.62,1004.93,473.04,0.53,0.34,Class 1: Gravelly sand to dense sand
3.55,1.54,50.4,1.53,3.29,19,67.45,24.03,43.42,33.73,28.91,3.44,0.89,Class 4: Clayey silt to silty clay
3.55,0.1,14,0.1,13.84,19,67.45,34.83,32.62,1.06,1.06,40.93,1,Class 6: Organic soil / peat
3.56,-0.04,6.5,-0.04,-16.5,19,67.64,34.92,32.72,-3.27,-2.11,-6.07,1,Class 1: Gravelly sand to dense sand
3.56,32.84,159.7,32.66,0.47,19,67.64,34.92,32.72,996.29,464.3,0.47,0.32,Class 1: Gravelly sand to dense sand
3.56,3.55,8,6.3,0.13,19,67.64,34.92,32.72,190.5,101.19,0.13,0.44,Class 2: Sand to silty sand
3.56,1.68,50.7,1.68,3.03,19,67.64,24.13,43.51,36.95,31.74,3.15,0.87,Class 4: Clayey silt to silty clay
3.56,0.1,13.8,0.1,13.45,19,67.64,34.92,32.72,1.08,1.08,39.11,1,Class 6: Organic soil / peat
3.57,-0.04,6.4,-0.04,-17.83,19,67.83,35.02,32.81,-3.16,-2.05,-6.17,1,Class 1: Gravelly sand to dense sand
3.57,32.31,125.2,32.56,0.42,19,67.83,35.02,32.81,990.29,455.74,0.42,0.31,Class 1: Gravelly sand to dense sand
3.57,1.83,51,1.82,2.8,19,67.83,24.23,43.6,40.21,34.61,2.91,0.85,Class 3: Silty sand to sandy silt
3.57,0.1,13.8,0.1,13.26,19,67.83,35.02,32.81,1.08,1.08,38.75,1,Class 6: Organic soil / peat
3.58,-0.04,6.5,-0.04,-18.11,19,68.02,35.12,32.9,-3.16,-2.05,-6.25,1,Class 1: Gravelly sand to dense sand
3.58,32.53,123,32.36,0.38,19,68.02,35.12,32.9,981.62,448.04,0.38,0.3,Class 1: Gravelly sand to dense sand
3.58,3.85,9,6.58,0.13,19,68.02,35.12,32.9,197.98,104.67,0.13,0.43,Class 2: Sand to silty sand
3.58,1.97,51.2,1.96,2.61,19,68.02,24.33,43.69,43.41,37.43,2.7,0.83,Class 3: Silty sand to sandy silt
3.58,0.1,13.4,0.1,13.28,19,68.02,35.12,32.9,1.03,1.03,39.94,1,Class 6: Organic soil / peat
3.59,-0.03,6.5,-0.03,-24.16,19,68.21,35.22,32.99,-2.88,-1.88,-6.83,1,Class 1: Gravelly sand to dense sand
3.59,32.25,120.7,32.38,0.38,19,68.21,35.22,32.99,979.31,447.95,0.38,0.3,Class 1: Gravelly sand to dense sand
3.59,2.26,51.6,2.25,2.29,19,68.21,24.43,43.78,49.86,42.18,2.36,0.8,Class 3: Silty sand to sandy silt
3.59,0.1,13.4,0.1,13.46,19,68.21,35.22,32.99,0.91,0.91,43.93,1,Class 6: Organic soil / peat
3.6,-0.02,6.5,-0.02,-36.31,19,68.4,35.32,33.08,-2.61,-1.7,-7.53,1,Class 1: Gravelly sand to dense sand
3.6,32.35,125.7,32.51,0.38,19,68.4,35.32,33.08,980.6,448.79,0.38,0.3,Class 1: Gravelly sand to dense sand
3.6,4.2,8,6.85,0.12,19,68.4,35.32,33.08,204.88,107.76,0.12,0.43,Class 2: Sand to silty sand
3.6,2.48,51.8,2.48,2.09,19,68.4,24.53,43.88,54.87,45.68,2.15,0.78,Class 3: Silty sand to sandy silt
3.6,0.09,12.9,0.09,13.86,19,68.4,35.32,33.08,0.76,0.76,51.52,1,Class 6: Organic soil / peat
3.61,-0.01,6.6,-0.01,-61.11,19,68.59,35.41,33.18,-2.39,-1.57,-8.31,1,Class 1: Gravelly sand to dense sand
3.61,32.93,121.2,32.93,0.37,19,68.59,35.41,33.18,990.44,452.36,0.37,0.3,Class 1: Gravelly sand to dense sand
3.61,2.74,52,2.73,1.9,19,68.59,24.62,43.97,60.57,49.59,1.95,0.76,Class 3: Silty sand to sandy silt
3.61,0.09,12.6,0.09,14.36,19,68.59,35.41,33.18,0.59,0.59,64.59,1,Class 6: Organic soil / peat
3.62,-0.01,6.6,-0.01,-61.11,19,68.78,35.51,33.27,-2.39,-1.57,-8.29,1,Class 1: Gravelly sand to dense sand
3.62,33.5,116.8,34.12,0.35,19,68.78,35.51,33.27,1023.63,463.6,0.35,0.29,Class 1: Gravelly sand to dense sand
3.62,4.3,7,7.06,0.11,19,68.78,35.51,33.27,210.2,110.19,0.11,0.42,Class 2: Sand to silty sand
3.62,3,56.1,3,1.87,19,68.78,24.72,44.06,66.42,53.86,1.92,0.75,Class 3: Silty sand to sandy silt
3.62,0.08,12.5,0.08,14.85,19,68.78,35.51,33.27,0.48,0.48,79.44,1,Class 6: Organic soil / peat
3.63,-0.01,6.6,-0.01,-46.15,19,68.97,35.61,33.36,-2.5,-1.64,-7.93,1,Class 1: Gravelly sand to dense sand
3.63,35.94,118.4,35.68,0.35,19,68.97,35.61,33.36,1067.55,482.57,0.35,0.29,Class 1: Gravelly sand to dense sand
3.63,3.45,60.6,3.45,1.76,19,68.97,24.82,44.15,76.55,60.9,1.79,0.72,Class 3: Silty sand to sandy silt
3.63,0.08,12.6,0.08,15.07,19,68.97,35.61,33.36,0.43,0.43,87.09,1,Class 6: Organic soil / peat
3.64,-0.02,6.6,-0.02,-30.7,19,69.16,35.71,33.45,-2.71,-1.79,-7.28,1,Class 1: Gravelly sand to dense sand
3.64,37.61,141.6,37.12,0.38,19,69.16,35.71,33.45,1107.66,504.11,0.38,0.29,Class 1: Gravelly sand to dense sand
3.64,4.45,8,7.09,0.13,19,69.16,35.71,33.45,209.98,111.08,0.13,0.43,Class 2: Sand to silty sand
3.64,3.6,63.4,3.59,1.77,19,69.16,24.92,44.24,79.62,63.16,1.8,0.72,Class 3: Silty sand to sandy silt
3.64,0.08,12.6,0.08,15.23,19,69.16,35.71,33.45,0.41,0.41,91.5,1,Class 6: Organic soil / peat
3.65,-0.03,6.6,-0.03,-20.43,19,69.35,35.81,33.54,-3.03,-2.01,-6.49,1,Class 1: Gravelly sand to dense sand
3.65,37.82,164.8,37.75,0.44,19,69.35,35.81,33.54,1123.38,520.03,0.44,0.3,Class 1: Gravelly sand to dense sand
3.65,3.68,66.3,3.67,1.8,19,69.35,25.02,44.33,81.29,64.51,1.84,0.72,Class 3: Silty sand to sandy silt
3.65,0.08,12.7,0.08,15.25,19,69.35,35.81,33.54,0.41,0.41,91.26,1,Class 6: Organic soil / peat
3.66,-0.03,6.6,-0.03,-20.43,19,69.54,35.9,33.64,-3.03,-2.01,-6.48,1,Class 1: Gravelly sand to dense sand
3.66,37.82,195.6,37.88,0.49,19,69.54,35.9,33.64,1124.27,527.89,0.49,0.31,Class 1: Gravelly sand to dense sand
3.66,4.25,13,7.09,0.16,19,69.54,35.9,33.64,208.77,111.57,0.16,0.43,Class 2: Sand to silty sand
3.66,3.72,68.7,3.72,1.85,19,69.54,25.11,44.43,82.08,65.25,1.88,0.72,Class 3: Silty sand to sandy silt
3.66,0.08,12.8,0.08,15.19,19,69.54,35.9,33.64,0.44,0.44,85.98,1,Class 6: Organic soil / peat
3.67,-0.04,6.6,-0.04,-18.38,19,69.73,36,33.73,-3.13,-2.08,-6.25,1,Class 1: Gravelly sand to dense sand
3.67,38.01,196,37.89,0.54,19,69.73,36,33.73,1121.47,534.4,0.54,0.33,Class 1: Gravelly sand to dense sand
3.67,3.86,71.5,3.86,1.85,19,69.73,25.21,44.52,85.12,67.49,1.89,0.72,Class 3: Silty sand to sandy silt
3.67,0.09,13,0.09,14.99,19,69.73,36,33.73,0.5,0.5,76.61,1,Class 6: Organic soil / peat
3.68,-0.04,6.6,-0.04,-18.28,19,69.92,36.1,33.82,-3.13,-2.09,-6.23,1,Class 1: Gravelly sand to dense sand
3.68,37.85,222.9,37.85,0.55,19,69.92,36.1,33.82,1117.15,535.2,0.56,0.33,Class 1: Gravelly sand to dense sand
3.68,4.25,12,7.02,0.17,19,69.92,36.1,33.82,205.61,110.76,0.17,0.44,Class 2: Sand to silty sand
3.68,4.02,73.3,4.02,1.82,19,69.92,25.31,44.61,88.49,69.86,1.86,0.71,Class 3: Silty sand to sandy silt
3.68,0.09,13.2,0.09,14.85,19,69.92,36.1,33.82,0.59,0.59,66.57,1,Class 6: Organic soil / peat
3.69,-0.04,6.5,-0.04,-18.06,19,70.11,36.2,33.91,-3.13,-2.09,-6.13,1,Class 1: Gravelly sand to dense sand
3.69,37.7,210.5,38.11,0.55,19,70.11,36.2,33.91,1121.79,537.86,0.55,0.33,Class 1: Gravelly sand to dense sand
3.69,4.17,74.1,4.17,1.78,19,70.11,25.41,44.7,91.69,72.03,1.81,0.71,Class 3: Silty sand to sandy silt
3.69,0.09,13.9,0.09,14.67,19,70.11,36.2,33.91,0.69,0.69,58.46,1,Class 6: Organic soil / peat
3.7,-0.04,6,-0.04,-16.71,19,70.3,36.3,34,-3.12,-2.1,-5.65,1,Class 1: Gravelly sand to dense sand
3.7,38.79,198.1,37.8,0.54,19,70.3,36.3,34,1109.46,532.43,0.55,0.33,Class 1: Gravelly sand to dense sand
3.7,4.2,10,7.01,0.14,19,70.3,36.3,34,203.94,109.59,0.14,0.43,Class 2: Sand to silty sand
3.7,4.25,74.5,4.24,1.76,19,70.3,25.51,44.79,93.14,73.03,1.79,0.7,Class 3: Silty sand to sandy silt
3.7,0.1,14.1,0.1,14.4,19,70.3,36.3,34,0.86,0.86,48.97,1,Class 6: Organic soil / peat
3.71,-0.04,6,-0.04,-16.71,19,70.49,36.4,34.09,-3.12,-2.1,-5.64,1,Class 1: Gravelly sand to dense sand
3.71,36.9,208.6,37.37,0.56,19,70.49,36.4,34.09,1093.9,528.3,0.56,0.33,Class 1: Gravelly sand to dense sand
3.71,4.04,74.6,4.03,1.85,19,70.49,25.6,44.89,88.27,69.9,1.88,0.71,Class 3: Silty sand to sandy silt
3.71,0.11,15,0.11,13.77,19,70.49,36.4,34.09,1.1,1.1,39.7,1,Class 6: Organic soil / peat
3.72,-0.02,6.1,-0.02,-34.08,19,70.68,36.49,34.19,-2.59,-1.75,-6.89,1,Class 1: Gravelly sand to dense sand
3.72,36.41,219.1,36.96,0.59,19,70.68,36.49,34.19,1079.08,526.59,0.59,0.34,Class 1: Gravelly sand to dense sand
3.72,4.15,8,6.99,0.12,19,70.68,36.49,34.19,202.3,108.58,0.13,0.43,Class 2: Sand to silty sand
3.72,3.78,72.3,3.77,1.92,19,70.68,25.7,44.98,82.3,65.82,1.95,0.72,Class 3: Silty sand to sandy silt
3.72,0.12,15.5,0.12,13.11,19,70.68,36.49,34.19,1.37,1.37,32.89,1,Class 6: Organic soil / peat
3.73,-0.02,6.2,-0.02,-34.64,19,70.87,36.59,34.28,-2.59,-1.75,-6.98,1,Class 1: Gravelly sand to dense sand
3.73,37.57,227.6,37.57,0.58,19,70.87,36.59,34.28,1093.93,532.42,0.58,0.34,Class 1: Gravelly sand to dense sand
3.73,3.55,70,3.54,1.98,19,70.87,25.8,45.07,76.97,62.13,2.02,0.74,Class 3: Silty sand to sandy silt
3.73,0.13,15.7,0.12,12.67,19,70.87,36.59,34.28,1.57,1.57,29.37,1,Class 6: Organic soil / peat
3.74,-0.02,6.4,-0.02,-39.75,19,71.06,36.69,34.37,-2.54,-1.72,-7.34,1,Class 1: Gravelly sand to dense sand
3.74,4.15,8,6.97,0.11,19,71.06,36.69,34.37,200.67,107.86,0.12,0.43,Class 2: Sand to silty sand
3.74,3.33,68.2,3.33,2.05,19,71.06,25.9,45.16,72.08,58.74,2.1,0.75,Class 3: Silty sand to sandy silt
3.74,0.13,16.2,0.13,12.74,19,71.06,36.69,34.37,1.66,1.66,28.57,1,Class 6: Organic soil / peat
3.75,-0.01,7.2,-0.01,-50.35,19,71.25,36.79,34.46,-2.48,-1.69,-8.42,1,Class 1: Gravelly sand to dense sand
3.75,2.98,66.6,2.98,2.24,19,71.25,26,45.25,64.22,53.34,2.29,0.77,Class 3: Silty sand to sandy silt
3.75,0.13,17.1,0.13,12.97,19,71.25,36.79,34.46,1.72,1.72,28.53,1,Class 6: Organic soil / peat
3.76,0.01,7.5,0.01,69.44,19,71.44,36.89,34.55,-1.75,-1.2,-12.37,1,Class 1: Gravelly sand to dense sand
3.76,4.1,8,6.93,0.11,19,71.44,36.89,34.55,198.58,107.08,0.11,0.43,Class 2: Sand to silty sand
3.76,2.87,62.9,2.86,2.2,19,71.44,26.09,45.35,61.6,51.3,2.25,0.77,Class 3: Silty sand to sandy silt
3.76,0.13,17.5,0.13,13.13,19,71.44,36.89,34.55,1.78,1.78,28.37,1,Class 6: Organic soil / peat
3.77,0.06,7.6,0.06,11.78,19,71.63,36.98,34.65,-0.21,-0.14,,1,Class 1: Gravelly sand to dense sand
3.77,2.8,61.6,2.79,2.2,19,71.63,26.19,45.44,59.94,50.08,2.26,0.78,Class 3: Silty sand to sandy silt
3.77,0.14,17.8,0.14,13.13,19,71.63,36.98,34.65,1.88,1.88,27.6,1,Class 6: Organic soil / peat
3.78,4,7,6.92,0.1,19,71.82,37.08,34.74,196.99,106.39,0.1,0.42,Class 2: Sand to silty sand
3.78,2.76,58.9,2.75,2.14,19,71.82,26.29,45.53,58.79,49.08,2.2,0.77,Class 3: Silty sand to sandy silt
3.78,0.09,7.6,0.09,8.15,19,71.82,37.08,34.74,0.62,0.42,35.55,1,Class 6: Organic soil / peat
3.78,0.14,18.5,0.14,13.36,19,71.82,37.08,34.74,1.97,1.97,27.4,1,Class 6: Organic soil / peat
3.79,2.74,56.6,2.74,2.07,19,72.01,26.39,45.62,58.41,48.68,2.12,0.77,Class 3: Silty sand to sandy silt
3.79,0.09,7.6,0.09,8.15,19,72.01,37.18,34.83,0.61,0.42,35.87,1,Class 6: Organic soil / peat
3.79,0.14,19.9,0.14,13.43,19,72.01,37.18,34.83,2.09,2.09,26.68,1,Class 6: Organic soil / peat
3.8,0.06,7.6,0.06,13.24,19,72.2,37.28,34.92,-0.42,-0.29,-51.35,1,Class 1: Gravelly sand to dense sand
3.8,4.05,6,6.88,0.09,19,72.2,37.28,34.92,194.94,105.51,0.09,0.42,Class 2: Sand to silty sand
3.8,2.75,54,2.74,1.97,19,72.2,26.49,45.71,58.37,48.49,2.02,0.77,Class 3: Silty sand to sandy silt
3.8,0.15,20,0.15,13.44,19,72.2,37.28,34.92,2.19,2.19,26.16,1,Class 6: Organic soil / peat
3.81,0.04,7.5,0.04,17.44,19,72.39,37.38,35.01,-0.84,-0.58,-25.52,1,Class 1: Gravelly sand to dense sand
3.81,2.75,48.7,2.74,1.77,19,72.39,26.59,45.8,58.34,48.1,1.82,0.76,Class 3: Silty sand to sandy silt
3.81,0.15,20,0.15,13.3,19,72.39,37.38,35.01,2.28,2.28,25.38,1,Class 6: Organic soil / peat
3.82,0.01,7.4,0.01,59.2,19,72.58,37.47,35.11,-1.71,-1.19,-12.32,1,Class 1: Gravelly sand to dense sand
3.82,3.95,6,6.9,0.08,19,72.58,37.47,35.11,194.34,105.31,0.08,0.42,Class 2: Sand to silty sand
3.82,2.79,46.8,2.79,1.68,19,72.58,26.68,45.9,59.14,48.52,1.72,0.75,Class 3: Silty sand to sandy silt
3.82,0.15,20.7,0.15,13.31,19,72.58,37.47,35.11,2.33,2.33,25.11,1,Class 6: Organic soil / peat
3.83,0,7.4,0,,19,72.77,37.57,35.2,-2.14,-1.49,-9.81,1,Class 1: Gravelly sand to dense sand
3.83,2.86,44.2,2.85,1.55,19,72.77,26.78,45.99,60.46,49.22,1.59,0.74,Class 3: Silty sand to sandy silt
3.83,0.16,21,0.16,13.53,19,72.77,37.57,35.2,2.36,2.36,25.4,1,Class 6: Organic soil / peat
3.84,-0.01,7.4,-0.01,-71.84,19,72.96,37.67,35.29,-2.36,-1.64,-8.89,1,Class 1: Gravelly sand to dense sand
3.84,4,5,6.93,0.08,19,72.96,37.67,35.29,194.21,105.45,0.08,0.42,Class 2: Sand to silty sand
3.84,2.9,41,2.9,1.42,19,72.96,26.88,46.08,61.26,49.51,1.45,0.73,Class 3: Silty sand to sandy silt
3.84,0.15,21.5,0.15,13.91,19,72.96,37.67,35.29,2.28,2.28,26.54,1,Class 6: Organic soil / peat
3.85,-0.01,7.4,-0.01,-62.71,19,73.15,37.77,35.38,-2.4,-1.68,-8.71,1,Class 1: Gravelly sand to dense sand
3.85,2.96,39.1,2.95,1.33,19,73.15,26.98,46.17,62.31,50.06,1.36,0.72,Class 3: Silty sand to sandy silt
3.85,0.15,21.5,0.15,14.2,19,73.15,37.77,35.38,2.21,2.21,27.48,1,Class 6: Organic soil / peat
3.86,-0.01,7.4,-0.01,-61.16,19,73.34,37.87,35.47,-2.41,-1.69,-8.66,1,Class 1: Gravelly sand to dense sand
3.86,4.1,5,6.96,0.09,19,73.34,37.87,35.47,194.09,105.83,0.09,0.42,Class 2: Sand to silty sand
3.86,3.01,38.7,3,1.29,19,73.34,27.08,46.26,63.27,50.69,1.32,0.72,Class 3: Silty sand to sandy silt
3.86,0.15,21.5,0.15,14.14,19,73.34,37.87,35.47,2.23,2.23,27.27,1,Class 6: Organic soil / peat
3.87,-0.01,7.3,-0.01,-75.26,19,73.53,37.96,35.57,-2.34,-1.64,-8.77,1,Class 1: Gravelly sand to dense sand
3.87,3.06,38.5,3.05,1.26,19,73.53,27.17,46.36,64.22,51.33,1.29,0.71,Class 3: Silty sand to sandy silt
3.87,0.16,21.6,0.16,13.5,19,73.53,37.96,35.57,2.42,2.42,25.06,1,Class 6: Organic soil / peat
3.88,-0.01,7.1,-0.01,-98.61,19,73.72,38.06,35.66,-2.27,-1.6,-8.77,1,Class 1: Gravelly sand to dense sand
3.88,4,8,6.96,0.11,19,73.72,38.06,35.66,193.03,106.05,0.11,0.43,Class 2: Sand to silty sand
3.88,3.16,38.4,3.15,1.22,19,73.72,27.27,46.45,66.26,52.7,1.25,0.71,Class 3: Silty sand to sandy silt
3.88,0.17,21.5,0.16,13.32,19,73.72,38.06,35.66,2.46,2.46,24.52,1,Class 6: Organic soil / peat
3.89,0.01,6.8,0.01,94.44,19,73.91,38.16,35.75,-1.87,-1.32,-10.19,1,Class 1: Gravelly sand to dense sand
3.89,3.22,38.2,3.21,1.19,19,73.91,27.37,46.54,67.46,53.5,1.22,0.7,Class 3: Silty sand to sandy silt
3.89,0.16,21.4,0.16,13.35,19,73.91,38.16,35.75,2.42,2.42,24.75,1,Class 6: Organic soil / peat
3.9,0.01,6.8,0.01,94.44,19,74.1,38.26,35.84,-1.87,-1.32,-10.16,1,Class 1: Gravelly sand to dense sand
3.9,3.95,9,6.89,0.12,19,74.1,38.26,35.84,190.12,105.36,0.12,0.43,Class 2: Sand to silty sand
3.9,3.28,38.4,3.27,1.17,19,74.1,27.47,46.63,68.57,54.28,1.2,0.7,Class 3: Silty sand to sandy silt
3.9,0.15,21.4,0.16,13.78,19,74.1,38.26,35.84,2.26,2.26,26.38,1,Class 6: Organic soil / peat
3.91,0,6.6,0,,19,74.29,38.36,35.93,-2.17,-1.54,-8.47,1,Class 1: Gravelly sand to dense sand
3.91,3.37,36.9,3.36,1.1,19,74.29,27.57,46.72,70.34,55.32,1.12,0.69,Class 3: Silty sand to sandy silt
3.91,0.15,21.3,0.15,13.91,19,74.29,38.36,35.93,2.2,2.2,26.97,1,Class 6: Organic soil / peat
3.92,-0.01,6.5,-0.01,-45.45,19,74.48,38.46,36.02,-2.46,-1.75,-7.32,1,Class 1: Gravelly sand to dense sand
3.92,3.85,8,6.82,0.12,19,74.48,38.46,36.02,187.25,104.29,0.12,0.43,Class 2: Sand to silty sand
3.92,3.57,36.7,3.57,1.03,19,74.48,27.66,46.82,74.59,58.11,1.05,0.68,Class 3: Silty sand to sandy silt
3.92,0.15,21.3,0.15,13.9,19,74.48,38.46,36.02,2.18,2.18,27.1,1,Class 6: Organic soil / peat
3.93,-0.02,6.4,-0.02,-32.65,19,74.67,38.55,36.12,-2.61,-1.86,-6.79,1,Class 1: Gravelly sand to dense sand
3.93,3.7,36.4,3.69,0.99,19,74.67,27.76,46.91,77.17,59.78,1.01,0.67,Class 3: Silty sand to sandy silt
3.93,0.15,21.2,0.15,13.83,19,74.67,38.55,36.12,2.18,2.18,26.91,1,Class 6: Organic soil / peat
3.94,-0.02,6.3,-0.02,-29.58,19,74.86,38.65,36.21,-2.66,-1.9,-6.55,1,Class 1: Gravelly sand to dense sand
3.94,3.75,8,6.74,0.12,19,74.86,38.65,36.21,183.94,102.88,0.12,0.44,Class 2: Sand to silty sand
3.94,3.83,35.3,3.82,0.92,19,74.86,27.86,47,79.73,61.35,0.94,0.66,Class 3: Silty sand to sandy silt
3.94,0.15,21.2,0.15,13.65,19,74.86,38.65,36.21,2.19,2.19,26.56,1,Class 6: Organic soil / peat
3.95,-0.02,6.5,-0.02,-33.16,19,75.05,38.75,36.3,-2.61,-1.87,-6.87,1,Class 1: Gravelly sand to dense sand
3.95,0.15,20.7,0.15,13.51,19,75.05,38.75,36.3,2.19,2.19,26.26,1,Class 6: Organic soil / peat
3.96,-0.02,6.6,-0.02,-36.87,19,75.24,38.85,36.39,-2.56,-1.84,-7.09,1,Class 1: Gravelly sand to dense sand
3.96,3.65,8,6.68,0.12,19,75.24,38.85,36.39,181.58,102.15,0.13,0.44,Class 2: Sand to silty sand
3.96,0.15,20.7,0.15,13.41,19,75.24,38.85,36.39,2.16,2.16,26.23,1,Class 6: Organic soil / peat
3.97,-0.02,6.8,-0.02,-37.99,19,75.43,38.95,36.48,-2.56,-1.84,-7.29,1,Class 1: Gravelly sand to dense sand
3.97,0.15,20.5,0.15,13.4,19,75.43,38.95,36.48,2.13,2.13,26.43,1,Class 6: Organic soil / peat
3.98,-0.01,7.2,-0.01,-66.67,19,75.62,39.04,36.58,-2.36,-1.71,-8.33,1,Class 1: Gravelly sand to dense sand
3.98,3.65,9,6.63,0.13,19,75.62,39.04,36.58,179.24,101.43,0.13,0.44,Class 2: Sand to silty sand
3.98,4.14,39.4,4.13,0.95,19,75.62,28.25,47.37,85.56,65.71,0.97,0.65,Class 3: Silty sand to sandy silt
3.98,0.15,20.3,0.15,13.3,19,75.62,39.04,36.58,2.1,2.1,26.37,1,Class 6: Organic soil / peat
3.99,0,7.2,0,0,19,75.81,39.14,36.67,0,-1.5,0,1,Class 1: Gravelly sand to dense sand
3.99,4.13,41,4.12,0.99,19,75.81,28.35,47.46,85.27,65.73,1.01,0.66,Class 3: Silty sand to sandy silt
3.99,0.15,20.1,0.15,13.05,19,75.81,39.14,36.67,2.11,2.11,25.81,1,Class 6: Organic soil / peat
4,0,7.3,0,0,19,76,39.24,36.76,0,-1.5,0,1,Class 1: Gravelly sand to dense sand
4,3.55,9,6.51,0.12,19,76,39.24,36.76,175.12,99.47,0.12,0.44,Class 2: Sand to silty sand
4,4.12,43,4.12,1.04,19,76,28.45,47.55,84.98,65.79,1.06,0.66,Class 3: Silty sand to sandy silt
4,0.15,19.6,0.16,12.68,19,76,39.24,36.76,2.16,2.16,24.81,1,Class 6: Organic soil / peat
4.01,0,7.4,0,822.22,19,76.19,39.34,36.85,-2.04,-1.49,-9.83,1,Class 1: Gravelly sand to dense sand
4.01,4.12,43.5,4.11,1.06,19,76.19,28.55,47.64,84.73,65.71,1.08,0.66,Class 3: Silty sand to sandy silt
4.01,0.16,19.4,0.16,12.29,19,76.19,39.34,36.85,2.19,2.19,23.88,1,Class 6: Organic soil / peat
4.02,0,7.4,0,411.11,19,76.38,39.44,36.94,-2.02,-1.47,-9.92,1,Class 1: Gravelly sand to dense sand
4.02,3.25,6,6.43,0.11,19,76.38,39.44,36.94,171.94,97.95,0.12,0.44,Class 2: Sand to silty sand
4.02,4.12,43.1,4.11,1.05,19,76.38,28.65,47.73,84.56,65.6,1.07,0.66,Class 3: Silty sand to sandy silt
4.02,0.16,18.9,0.16,12,19,76.38,39.44,36.94,2.21,2.21,23.21,1,Class 6: Organic soil / peat
4.03,0,7.8,0,216.67,19,76.57,39.53,37.04,-1.97,-1.44,-10.69,1,Class 1: Gravelly sand to dense sand
4.03,4.16,43.1,4.15,1.04,19,76.57,28.74,47.83,85.17,66.02,1.06,0.66,Class 3: Silty sand to sandy silt
4.03,0.16,18.6,0.16,11.81,19,76.57,39.53,37.04,2.2,2.2,22.9,1,Class 6: Organic soil / peat
4.04,0,8,0,222.22,19,76.76,39.63,37.13,-1.97,-1.44,-10.93,1,Class 1: Gravelly sand to dense sand
4.04,3.35,7,6.34,0.11,19,76.76,39.63,37.13,168.78,96.56,0.11,0.44,Class 2: Sand to silty sand
4.04,4.19,43.3,4.19,1.03,19,76.76,28.84,47.92,85.77,66.47,1.05,0.66,Class 3: Silty sand to sandy silt
4.04,0.16,18.5,0.16,11.7,19,76.76,39.63,37.13,2.2,2.2,22.7,1,Class 6: Organic soil / peat
4.05,0.01,8.3,0.01,115.28,19,76.95,39.73,37.22,-1.87,-1.38,-11.9,1,Class 1: Gravelly sand to dense sand
4.05,4.28,43.6,4.27,1.02,19,76.95,28.94,48.01,87.3,67.53,1.04,0.66,Class 3: Silty sand to sandy silt
4.05,0.16,18.5,0.16,11.64,19,76.95,39.73,37.22,2.2,2.2,22.55,1,Class 6: Organic soil / peat
4.06,0.01,8.4,0.01,77.78,19,77.14,39.83,37.31,-1.78,-1.31,-12.66,1,Class 1: Gravelly sand to dense sand
4.06,3.25,8,6.34,0.12,19,77.14,39.83,37.31,167.9,96.48,0.12,0.45,Class 2: Sand to silty sand
4.06,0.16,18.5,0.16,11.57,19,77.14,39.83,37.31,2.23,2.23,22.31,1,Class 6: Organic soil / peat
4.07,0.02,8.5,0.02,39.53,19,77.33,39.93,37.4,-1.49,-1.1,-15.22,1,Class 1: Gravelly sand to dense sand
4.07,0.16,18.6,0.16,11.55,19,77.33,39.93,37.4,2.24,2.24,22.2,1,Class 6: Organic soil / peat
4.08,0.03,8.7,0.03,26.93,19,77.52,40.02,37.5,-1.21,-0.89,-19.24,1,Class 1: Gravelly sand to dense sand
4.08,3.2,7,6.24,0.11,19,77.52,40.02,37.5,164.35,94.76,0.11,0.45,Class 2: Sand to silty sand
4.08,0.16,18.7,0.17,11.29,19,77.52,40.02,37.5,2.34,2.34,21.27,1,Class 6: Organic soil / peat
4.09,0.04,9.4,0.04,23.86,19,77.71,40.12,37.59,-1.02,-0.76,-24.54,1,Class 1: Gravelly sand to dense sand
4.09,0.17,18.7,0.17,10.94,19,77.71,40.12,37.59,2.49,2.49,20.02,1,Class 6: Organic soil / peat
4.1,0.04,9.6,0.04,26.74,19,77.9,40.22,37.68,-1.11,-0.83,-22.86,1,Class 1: Gravelly sand to dense sand
4.1,3,5,6.09,0.08,19,77.9,40.22,37.68,159.52,92.06,0.08,0.44,Class 2: Sand to silty sand
4.1,0.18,18.8,0.18,10.52,19,77.9,40.22,37.68,2.67,2.67,18.67,1,Class 6: Organic soil / peat
4.11,0.04,9.9,0.04,23.02,19,78.09,40.32,37.77,-0.93,-0.69,-28.21,1,Class 1: Gravelly sand to dense sand
4.11,0.18,18.8,0.19,10.15,19,78.09,40.32,37.77,2.85,2.85,17.52,1,Class 6: Organic soil / peat
4.12,0.04,9.9,0.04,23.02,19,78.28,40.42,37.86,-0.93,-0.7,-28.06,1,Class 1: Gravelly sand to dense sand
4.12,2.75,2,5.94,0.06,19,78.28,40.42,37.86,154.73,89.79,0.06,0.45,Class 2: Sand to silty sand
4.12,0.19,18.9,0.19,9.85,19,78.28,40.42,37.86,2.99,2.99,16.65,1,Class 6: Organic soil / peat
4.13,0.04,10,0.04,22.32,19,78.47,40.52,37.95,-0.89,-0.66,-29.7,1,Class 1: Gravelly sand to dense sand
4.13,0.2,18.9,0.2,9.68,19,78.47,40.52,37.95,3.07,3.07,16.2,1,Class 6: Organic soil / peat
4.14,0.05,10,0.05,21.46,19,78.66,40.61,38.05,-0.84,-0.63,-31.19,1,Class 1: Gravelly sand to dense sand
4.14,2.7,3,5.92,0.05,19,78.66,40.61,38.05,153.49,89.42,0.05,0.45,Class 2: Sand to silty sand
4.14,0.19,18.9,0.19,9.8,19,78.66,40.61,38.05,3,3,16.56,1,Class 6: Organic soil / peat
4.15,0.05,10.3,0.05,20.52,19,78.85,40.71,38.14,-0.75,-0.57,-35.95,1,Class 1: Gravelly sand to dense sand
4.15,0.19,18.9,0.19,9.99,19,78.85,40.71,38.14,2.89,2.89,17.13,1,Class 6: Organic soil / peat
4.16,0.06,10.5,0.06,18.29,19,79.04,40.81,38.23,-0.57,-0.43,-48.52,1,Class 1: Gravelly sand to dense sand
4.16,2.9,4,5.97,0.06,19,79.04,40.81,38.23,154,89.85,0.06,0.45,Class 2: Sand to silty sand
4.16,0.19,18.9,0.19,10.18,19,79.04,40.81,38.23,2.79,2.79,17.74,1,Class 6: Organic soil / peat
4.17,0.05,10.7,0.05,19.89,19,79.23,40.91,38.32,-0.66,-0.5,-42.08,1,Class 1: Gravelly sand to dense sand
4.17,0.18,18.9,0.18,10.37,19,79.23,40.91,38.32,2.68,2.68,18.36,1,Class 6: Organic soil / peat
4.18,0.06,10.7,0.06,19.24,19,79.42,41.01,38.41,-0.62,-0.47,-44.92,1,Class 1: Gravelly sand to dense sand
4.18,2.85,3,6.03,0.06,19,79.42,41.01,38.41,154.95,90.53,0.06,0.45,Class 2: Sand to silty sand
4.18,0.18,18.8,0.17,10.75,19,79.42,41.01,38.41,2.48,2.48,19.7,1,Class 6: Organic soil / peat
4.19,0.06,10.9,0.06,18.99,19,79.61,41.1,38.51,-0.58,-0.44,-49.08,1,Class 1: Gravelly sand to dense sand
4.19,0.17,18.7,0.17,11.23,19,79.61,41.1,38.51,2.26,2.26,21.53,1,Class 6: Organic soil / peat
4.2,0.06,11.1,0.06,18.2,19,79.8,41.2,38.6,-0.49,-0.37,-59.04,1,Class 1: Gravelly sand to dense sand
4.2,2.85,4,6.05,0.08,19,79.8,41.2,38.6,154.59,90.68,0.08,0.45,Class 2: Sand to silty sand
4.2,0.16,18.6,0.16,11.63,19,79.8,41.2,38.6,2.06,2.06,23.31,1,Class 6: Organic soil / peat
4.21,0.08,11.3,0.08,15.01,19,79.99,41.3,38.69,-0.12,-0.09,,1,Class 1: Gravelly sand to dense sand
4.21,0.15,18.3,0.16,11.82,19,79.99,41.3,38.69,1.94,1.94,24.41,1,Class 6: Organic soil / peat
4.22,0.08,11.5,0.08,14.58,19,80.18,41.4,38.78,-0.03,-0.03,,1,Class 1: Gravelly sand to dense sand
4.22,2.9,7,6.13,0.08,19,80.18,41.4,38.78,155.95,91.57,0.08,0.45,Class 2: Sand to silty sand
4.22,0.15,18.1,0.15,11.85,19,80.18,41.4,38.78,1.88,1.88,24.9,1,Class 6: Organic soil / peat
4.23,0.08,11.7,0.08,14.5,19,80.37,41.5,38.87,0.01,0.01,3545.45,1,Class 6: Organic soil / peat
4.23,0.15,18,0.15,11.64,19,80.37,41.5,38.87,1.88,1.88,24.45,1,Class 6: Organic soil / peat
4.24,3.05,3,6.28,0.07,19,80.56,41.59,38.97,159.01,93.27,0.07,0.44,Class 2: Sand to silty sand
4.24,0.08,12.6,0.08,15.27,19,80.56,41.59,38.97,0.05,0.04,649.48,1,Class 6: Organic soil / peat
4.24,0.16,17.5,0.16,11.32,19,80.56,41.59,38.97,1.93,1.93,23.43,1,Class 6: Organic soil / peat
4.25,0.09,12.8,0.09,13.73,19,80.75,41.69,39.06,0.32,0.25,102.81,1,Class 6: Organic soil / peat
4.25,0.16,17.4,0.16,10.79,19,80.75,41.69,39.06,2.07,2.07,21.58,1,Class 6: Organic soil / peat
4.26,3.25,3,6.36,0.12,19,80.94,41.79,39.15,160.34,94.93,0.12,0.45,Class 2: Sand to silty sand
4.26,0.1,13.1,0.1,12.6,19,80.94,41.79,39.15,0.59,0.46,56.81,1,Class 6: Organic soil / peat
4.26,0.17,17.4,0.17,10.1,19,80.94,41.79,39.15,2.32,2.32,19.1,1,Class 6: Organic soil / peat
4.27,0.11,14,0.11,12.21,19,81.13,41.89,39.24,0.86,0.66,41.7,1,Class 6: Organic soil / peat
4.27,0.19,17.3,0.19,9.34,19,81.13,41.89,39.24,2.66,2.66,16.59,1,Class 6: Organic soil / peat
4.28,3.1,16,6.37,0.13,19,81.32,41.99,39.33,159.97,95.29,0.13,0.45,Class 2: Sand to silty sand
4.28,0.13,14.2,0.13,11.31,19,81.32,41.99,39.33,1.12,0.87,32.14,1,Class 6: Organic soil / peat
4.28,0.2,17.3,0.2,8.47,19,81.32,41.99,39.33,3.11,3.11,14.1,1,Class 6: Organic soil / peat
4.29,0.13,14.4,0.13,10.85,19,81.51,42.08,39.43,1.3,1.01,28.13,1,Class 6: Organic soil / peat
4.29,0.22,17.1,0.22,7.84,19,81.51,42.08,39.43,3.49,3.49,12.48,1,Class 6: Organic soil / peat
4.3,3.05,6,6.36,0.15,19,81.7,42.18,39.52,158.75,95.23,0.15,0.46,Class 2: Sand to silty sand
4.3,0.14,14.9,0.14,10.94,19,81.7,42.18,39.52,1.38,1.08,27.34,1,Class 6: Organic soil / peat
4.3,0.23,17.1,0.23,7.27,19,81.7,42.18,39.52,3.84,3.84,11.18,1,Class 6: Organic soil / peat
4.31,0.14,15.5,0.14,10.81,19,81.89,42.28,39.61,1.55,1.21,25.2,1,Class 6: Organic soil / peat
4.31,0.24,16.7,0.24,6.91,19,81.89,42.28,39.61,4.07,4.07,10.43,1,Class 6: Organic soil / peat
4.32,3.15,6,6.45,0.09,19,82.08,42.38,39.7,160.48,95.22,0.09,0.44,Class 2: Sand to silty sand
4.32,0.15,15.5,0.15,10.29,19,82.08,42.38,39.7,1.73,1.35,22.62,1,Class 6: Organic soil / peat
4.32,0.25,16.6,0.25,6.68,19,82.08,42.38,39.7,4.2,4.2,9.97,1,Class 6: Organic soil / peat
4.33,0.15,15.6,0.15,10.61,19,82.27,42.48,39.79,1.63,1.28,24.1,1,Class 6: Organic soil / peat
4.33,0.25,16.6,0.25,6.61,19,82.27,42.48,39.79,4.25,4.25,9.82,1,Class 6: Organic soil / peat
4.34,3.35,6,6.65,0.09,19,82.46,42.58,39.88,164.71,97.57,0.09,0.44,Class 2: Sand to silty sand
4.34,0.15,15.7,0.15,10.42,19,82.46,42.58,39.88,1.71,1.34,23.04,1,Class 6: Organic soil / peat
4.34,0.25,16.6,0.25,6.7,19,82.46,42.58,39.88,4.14,4.14,10.04,1,Class 6: Organic soil / peat
4.35,0.15,15.6,0.15,10.12,19,82.65,42.67,39.98,1.79,1.41,21.8,1,Class 6: Organic soil / peat
4.35,0.24,16.6,0.24,6.81,19,82.65,42.67,39.98,4.04,4.04,10.3,1,Class 6: Organic soil / peat
4.36,3.6,6,6.88,0.09,19,82.84,42.77,40.07,169.72,100.32,0.09,0.43,Class 2: Sand to silty sand
4.36,0.16,15.6,0.16,9.67,19,82.84,42.77,40.07,1.96,1.55,19.88,1,Class 6: Organic soil / peat
4.36,0.24,16.7,0.24,6.94,19,82.84,42.77,40.07,3.93,3.93,10.59,1,Class 6: Organic soil / peat
4.37,0.16,15.6,0.16,9.89,19,83.03,42.87,40.16,1.86,1.48,20.86,1,Class 6: Organic soil / peat
4.37,0.24,16.7,0.24,6.97,19,83.03,42.87,40.16,3.91,3.91,10.66,1,Class 6: Organic soil / peat
4.38,3.8,6,7.1,0.08,19,83.22,42.97,40.25,174.28,102.84,0.09,0.43,Class 2: Sand to silty sand
4.38,0.15,15.4,0.15,9.99,19,83.22,42.97,40.25,1.76,1.4,21.7,1,Class 6: Organic soil / peat
4.38,0.24,16.8,0.24,7.02,19,83.22,42.97,40.25,3.89,3.89,10.74,1,Class 6: Organic soil / peat
4.39,0.15,15.4,0.15,9.99,19,83.41,43.07,40.34,1.75,1.4,21.75,1,Class 6: Organic soil / peat
4.39,0.24,17,0.25,6.85,19,83.41,43.07,40.34,4.04,4.04,10.35,1,Class 6: Organic soil / peat
4.4,3.95,6,7.18,0.08,19,83.6,43.16,40.44,175.5,103.69,0.08,0.43,Class 2: Sand to silty sand
4.4,0.15,15.4,0.15,10.48,19,83.6,43.16,40.44,1.57,1.25,24.29,1,Class 6: Organic soil / peat
4.41,0.15,15.3,0.15,10.41,19,83.79,43.26,40.53,1.56,1.25,24.21,1,Class 6: Organic soil / peat
4.42,3.8,6,7.21,0.08,19,83.98,43.36,40.62,175.47,103.92,0.08,0.43,Class 2: Sand to silty sand
4.42,0.15,15.3,0.15,10.41,19,83.98,43.36,40.62,1.55,1.24,24.28,1,Class 6: Organic soil / peat
4.43,0.15,15.2,0.15,10.22,19,84.17,43.46,40.71,1.59,1.28,23.52,1,Class 6: Organic soil / peat
4.44,3.85,6,7.18,0.09,19,84.36,43.56,40.8,173.82,103.47,0.09,0.43,Class 2: Sand to silty sand
4.44,0.15,15.1,0.15,10.03,19,84.36,43.56,40.8,1.62,1.31,22.8,1,Class 6: Organic soil / peat
4.45,0.16,15,0.16,9.51,19,84.55,43.65,40.9,1.79,1.45,20.48,1,Class 6: Organic soil / peat
4.46,3.8,8,7.13,0.11,19,84.74,43.75,40.99,171.77,102.95,0.11,0.43,Class 2: Sand to silty sand
4.46,0.17,15.1,0.17,8.96,19,84.74,43.75,40.99,2.04,1.65,18.03,1,Class 6: Organic soil / peat
4.47,0.18,15.1,0.18,8.26,19,84.93,43.85,41.08,2.38,1.93,15.41,1,Class 6: Organic soil / peat
4.48,3.6,9,7.07,0.1,19,85.12,43.95,41.17,169.74,102.03,0.1,0.43,Class 2: Sand to silty sand
4.48,0.17,15.4,0.17,8.95,19,85.12,43.95,41.17,2.11,1.72,17.71,1,Class 6: Organic soil / peat
4.49,0.17,15.7,0.17,9.42,19,85.31,44.05,41.26,1.97,1.61,19.29,1,Class 6: Organic soil / peat
4.5,3.65,5,6.96,0.1,19,85.5,44.15,41.36,166.11,100.2,0.1,0.44,Class 2: Sand to silty sand
4.5,0.17,15.8,0.17,9.54,19,85.5,44.15,41.36,1.94,1.58,19.73,1,Class 6: Organic soil / peat
4.5,0.22,13.8,0.23,6.16,19,85.5,44.15,41.36,3.37,3.37,9.94,1,Class 6: Organic soil / peat
4.51,0.17,15.9,0.17,9.62,19,85.69,44.24,41.45,1.92,1.57,19.97,1,Class 6: Organic soil / peat
4.51,0.2,13.9,0.2,6.98,19,85.69,44.24,41.45,2.73,2.73,12.27,1,Class 6: Organic soil / peat
4.52,3.4,6,6.87,0.08,19,85.88,44.34,41.54,163.32,98.73,0.08,0.44,Class 2: Sand to silty sand
4.52,0.17,15.9,0.17,9.43,19,85.88,44.34,41.54,1.99,1.63,19.2,1,Class 6: Organic soil / peat
4.52,0.18,13.9,0.18,7.53,19,85.88,44.34,41.54,2.39,2.39,14.06,1,Class 6: Organic soil / peat
4.53,0.17,15.8,0.17,9.18,19,86.07,44.44,41.63,2.07,1.7,18.37,1,Class 6: Organic soil / peat
4.53,0.18,14,0.18,7.94,19,86.07,44.44,41.63,2.22,2.22,15.34,1,Class 6: Organic soil / peat
4.54,3.3,6,6.77,0.11,19,86.26,44.54,41.72,160.15,97.74,0.11,0.44,Class 2: Sand to silty sand
4.54,0.17,15.8,0.17,9.33,19,86.26,44.54,41.72,1.99,1.64,19,1,Class 6: Organic soil / peat
4.54,0.18,14.6,0.18,8.18,19,86.26,44.54,41.72,2.2,2.2,15.86,1,Class 6: Organic soil / peat
4.55,0.17,15.4,0.17,8.92,19,86.45,44.64,41.81,2.06,1.7,17.88,1,Class 6: Organic soil / peat
4.55,0.18,15.1,0.18,8.58,19,86.45,44.64,41.81,2.21,2.21,16.62,1,Class 6: Organic soil / peat
4.56,3.3,10,6.65,0.11,19,86.64,44.73,41.91,156.62,96.1,0.11,0.45,Class 2: Sand to silty sand
4.56,0.18,14.3,0.18,8.13,19,86.64,44.73,41.91,2.13,1.76,16.02,1,Class 6: Organic soil / peat
4.56,0.18,16.3,0.18,8.91,19,86.64,44.73,41.91,2.21,2.21,17.23,1,Class 6: Organic soil / peat
4.57,0.18,14.2,0.18,7.76,19,86.83,44.83,42,2.29,1.9,14.78,1,Class 6: Organic soil / peat
4.57,0.18,16.5,0.18,9.13,19,86.83,44.83,42,2.29,2.29,17.36,1,Class 6: Organic soil / peat
4.58,3,6,6.53,0.11,19,87.02,44.93,42.09,153.12,94.46,0.11,0.45,Class 2: Sand to silty sand
4.58,0.19,14.1,0.19,7.42,19,87.02,44.93,42.09,2.45,2.03,13.69,1,Class 6: Organic soil / peat
4.58,0.19,17.4,0.19,9.06,19,87.02,44.93,42.09,2.43,2.43,16.77,1,Class 6: Organic soil / peat
4.59,0.21,12.2,0.21,5.87,19,87.21,45.03,42.18,2.86,2.38,10.11,1,Class 6: Organic soil / peat
4.59,0.2,17.5,0.2,8.91,19,87.21,45.03,42.18,2.62,2.62,15.95,1,Class 6: Organic soil / peat
4.6,2.9,6,6.46,0.09,19,87.4,45.13,42.27,150.82,92.99,0.09,0.45,Class 2: Sand to silty sand
4.6,0.23,10.3,0.23,4.56,19,87.4,45.13,42.27,3.28,2.73,7.44,1,Class 6: Organic soil / peat
4.6,0.2,17.9,0.2,8.73,19,87.4,45.13,42.27,2.75,2.75,15.3,1,Class 6: Organic soil / peat
4.61,0.21,17.9,0.21,8.74,19,87.59,45.22,42.37,2.79,2.79,15.21,1,Class 6: Organic soil / peat
4.62,3.05,5,6.51,0.1,19,87.78,45.32,42.46,151.3,93.61,0.1,0.45,Class 2: Sand to silty sand
4.62,0.68,6,0.68,0.88,19,87.78,45.32,42.46,14.06,11.78,1,0.9,Class 4: Clayey silt to silty clay
4.62,0.2,18.2,0.2,8.87,19,87.78,45.32,42.46,2.75,2.75,15.54,1,Class 6: Organic soil / peat
4.63,0.2,18.4,0.2,9.08,19,87.97,45.42,42.55,2.69,2.69,16.06,1,Class 6: Organic soil / peat
4.64,3.1,8,6.59,0.11,19,88.16,45.52,42.64,152.55,94.65,0.11,0.45,Class 2: Sand to silty sand
4.64,0.2,18.5,0.2,9.35,19,88.16,45.52,42.64,2.56,2.56,16.88,1,Class 6: Organic soil / peat
4.65,0.19,18.5,0.19,9.6,19,88.35,45.62,42.73,2.44,2.44,17.72,1,Class 6: Organic soil / peat
4.66,3.1,8,6.63,0.1,19,88.54,45.71,42.83,152.63,94.79,0.1,0.45,Class 2: Sand to silty sand
4.66,4.13,35.7,4.12,0.87,19,88.54,34.92,53.62,75.24,60.53,0.88,0.66,Class 3: Silty sand to sandy silt
4.66,0.19,18.5,0.19,9.97,19,88.54,45.71,42.83,2.27,2.27,19.06,1,Class 6: Organic soil / peat
4.67,4.11,35.2,4.1,0.86,19,88.73,35.02,53.71,74.68,60.11,0.88,0.66,Class 3: Silty sand to sandy silt
4.67,0.18,18.5,0.18,10.16,19,88.73,45.81,42.92,2.17,2.17,19.83,1,Class 6: Organic soil / peat
4.68,3.1,4,6.69,0.07,19,88.92,45.91,43.01,153.48,95.08,0.08,0.44,Class 2: Sand to silty sand
4.68,4.09,35,4.08,0.86,19,88.92,35.12,53.8,74.18,59.78,0.88,0.66,Class 3: Silty sand to sandy silt
4.68,0.18,18.5,0.18,10.51,19,88.92,45.91,43.01,2.03,2.03,21.24,1,Class 6: Organic soil / peat
4.69,4.07,35,4.06,0.86,19,89.11,35.22,53.89,73.77,59.52,0.88,0.66,Class 3: Silty sand to sandy silt
4.69,0.17,18.5,0.17,10.92,19,89.11,46.01,43.1,1.85,1.85,23.11,1,Class 6: Organic soil / peat
4.7,3.25,3,6.84,0.05,19,89.3,46.11,43.19,156.25,96.77,0.05,0.44,Class 2: Sand to silty sand
4.7,4.03,34.9,4.02,0.87,19,89.3,35.32,53.98,72.85,58.89,0.89,0.66,Class 3: Silty sand to sandy silt
4.7,0.16,18.3,0.16,11.6,19,89.3,46.11,43.19,1.57,1.57,26.91,1,Class 6: Organic soil / peat
4.71,3.99,34.6,3.99,0.87,19,89.49,35.41,54.08,72.08,58.35,0.89,0.66,Class 3: Silty sand to sandy silt
4.71,0.14,17.8,0.15,12.25,19,89.49,46.21,43.28,1.31,1.31,31.58,1,Class 6: Organic soil / peat
4.72,3.5,3,6.99,0.05,19,89.68,46.3,43.38,159,98.49,0.05,0.44,Class 2: Sand to silty sand
4.72,3.97,34.2,3.96,0.86,19,89.68,35.51,54.17,71.52,57.95,0.88,0.66,Class 3: Silty sand to sandy silt
4.72,0.14,17.6,0.14,12.65,19,89.68,46.3,43.38,1.11,1.11,36.23,1,Class 6: Organic soil / peat
4.73,3.93,34.3,3.92,0.87,19,89.87,35.61,54.26,70.61,57.35,0.9,0.67,Class 3: Silty sand to sandy silt
4.73,0.13,16.9,0.13,12.65,19,89.87,46.4,43.47,1.01,1.01,38.65,1,Class 6: Organic soil / peat
4.74,3.5,4,7.2,0.05,19,90.06,46.5,43.56,163.26,101.04,0.05,0.43,Class 2: Sand to silty sand
4.74,3.86,34.3,3.85,0.89,19,90.06,35.71,54.35,69.21,56.38,0.91,0.67,Class 3: Silty sand to sandy silt
4.74,0.13,16.2,0.13,12.26,19,90.06,46.5,43.56,0.96,0.96,38.67,1,Class 6: Organic soil / peat
4.75,3.83,33.9,3.82,0.89,19,90.25,35.81,54.44,68.52,55.88,0.91,0.67,Class 3: Silty sand to sandy silt
4.75,0.13,15.4,0.13,11.69,19,90.25,46.6,43.65,0.94,0.94,37.31,1,Class 6: Organic soil / peat
4.76,3.85,3,7.43,0.06,19,90.44,46.7,43.74,167.86,103.65,0.06,0.43,Class 2: Sand to silty sand
4.76,3.79,33.5,3.79,0.88,19,90.44,35.9,54.54,67.76,55.33,0.91,0.67,Class 3: Silty sand to sandy silt
4.76,0.13,14.5,0.13,11.03,19,90.44,46.7,43.74,0.95,0.95,35.02,1,Class 6: Organic soil / peat
4.77,3.77,33.1,3.77,0.88,19,90.63,36,54.63,67.29,54.99,0.9,0.67,Class 3: Silty sand to sandy silt
4.77,0.13,13.8,0.13,10.2,19,90.63,46.79,43.84,1.01,1.01,31.05,1,Class 6: Organic soil / peat
4.78,4.15,7,7.67,0.07,19,90.82,46.89,43.93,172.42,106.39,0.07,0.42,Class 2: Sand to silty sand
4.78,3.74,33.3,3.74,0.89,19,90.82,36.1,54.72,66.67,54.6,0.91,0.68,Class 3: Silty sand to sandy silt
4.78,0.14,13,0.14,9.68,19,90.82,46.89,43.93,1.07,1.07,28.38,1,Class 6: Organic soil / peat
4.79,3.74,32.8,3.74,0.88,19,91.01,36.2,54.81,66.49,54.44,0.9,0.67,Class 3: Silty sand to sandy silt
4.79,0.14,13.2,0.14,9.09,19,91.01,46.99,44.02,1.17,1.17,25.13,1,Class 6: Organic soil / peat
4.8,4.15,6,7.76,0.08,19,91.2,47.09,44.11,173.92,107.53,0.08,0.42,Class 2: Sand to silty sand
4.8,3.73,32.9,3.73,0.88,19,91.2,36.3,54.9,66.23,54.3,0.9,0.68,Class 3: Silty sand to sandy silt
4.8,0.15,12.7,0.15,8.69,19,91.2,47.09,44.11,1.27,1.27,22.79,1,Class 6: Organic soil / peat
4.81,3.73,32.7,3.72,0.88,19,91.39,36.4,54.99,65.98,54.12,0.9,0.68,Class 3: Silty sand to sandy silt
4.81,0.15,12.5,0.16,8.01,19,91.39,47.19,44.2,1.46,1.46,19.38,1,Class 6: Organic soil / peat
4.82,4.1,5,7.78,0.07,19,91.58,47.28,44.3,173.53,107.46,0.07,0.42,Class 2: Sand to silty sand
4.82,3.72,32.8,3.71,0.88,19,91.58,36.49,55.09,65.73,53.97,0.91,0.68,Class 3: Silty sand to sandy silt
4.82,0.17,12.2,0.17,7.39,19,91.58,47.28,44.3,1.69,1.69,16.42,1,Class 6: Organic soil / peat
4.83,3.73,32.6,3.72,0.88,19,91.77,36.59,55.18,65.75,54,0.9,0.68,Class 3: Silty sand to sandy silt
4.83,0.18,12.2,0.18,6.84,19,91.77,47.38,44.39,1.95,1.95,14.08,1,Class 6: Organic soil / peat
4.84,4.15,5,7.74,0.08,19,91.96,47.48,44.48,172.02,106.96,0.08,0.42,Class 2: Sand to silty sand
4.84,3.71,32.7,3.71,0.88,19,91.96,36.69,55.27,65.43,53.8,0.9,0.68,Class 3: Silty sand to sandy silt
4.84,0.19,12.2,0.19,6.37,19,91.96,47.48,44.48,2.24,2.24,12.25,1,Class 6: Organic soil / peat
4.85,3.71,32.5,3.7,0.88,19,92.15,36.79,55.36,65.25,53.67,0.9,0.68,Class 3: Silty sand to sandy silt
4.85,0.2,12.2,0.21,5.89,19,92.15,47.58,44.57,2.58,2.58,10.61,1,Class 6: Organic soil / peat
4.86,4,8,7.71,0.09,19,92.34,47.68,44.66,170.52,106.57,0.09,0.43,Class 2: Sand to silty sand
4.86,3.71,32.3,3.7,0.87,19,92.34,36.89,55.45,65.07,53.55,0.9,0.68,Class 3: Silty sand to sandy silt
4.86,0.23,12.2,0.23,5.48,19,92.34,47.68,44.66,2.97,2.97,9.29,1,Class 6: Organic soil / peat
4.87,3.67,32.3,3.67,0.88,19,92.53,36.98,55.55,64.33,53.04,0.9,0.68,Class 3: Silty sand to sandy silt
4.87,0.24,12.6,0.24,5.25,19,92.53,47.77,44.76,3.28,3.28,8.56,1,Class 6: Organic soil / peat
4.88,3.95,8,7.64,0.1,19,92.72,47.87,44.85,168.29,105.83,0.11,0.43,Class 2: Sand to silty sand
4.88,3.65,32.2,3.65,0.88,19,92.72,37.08,55.64,63.87,52.73,0.91,0.68,Class 3: Silty sand to sandy silt
4.88,0.25,12.9,0.25,5.1,19,92.72,47.87,44.85,3.51,3.51,8.11,1,Class 6: Organic soil / peat
4.89,3.64,32.2,3.64,0.88,19,92.91,37.18,55.73,63.62,52.57,0.91,0.68,Class 3: Silty sand to sandy silt
4.89,0.26,12.8,0.25,5.13,19,92.91,47.97,44.94,3.6,3.6,8.07,1,Class 6: Organic soil / peat
4.9,3.9,8,7.57,0.1,19,93.1,48.07,45.03,166.08,104.75,0.1,0.43,Class 2: Sand to silty sand
4.9,3.63,32.1,3.63,0.89,19,93.1,37.28,55.82,63.31,52.36,0.91,0.68,Class 3: Silty sand to sandy silt
4.9,0.26,13.5,0.26,5.2,19,93.1,48.07,45.03,3.67,3.67,8.12,1,Class 6: Organic soil / peat
4.91,3.62,32,3.62,0.89,19,93.29,37.38,55.91,62.99,52.15,0.91,0.68,Class 3: Silty sand to sandy silt
4.91,0.26,14,0.26,5.4,19,93.29,48.17,45.12,3.66,3.66,8.45,1,Class 6: Organic soil / peat
4.92,3.75,7,7.5,0.1,19,93.48,48.27,45.21,163.88,103.77,0.1,0.43,Class 2: Sand to silty sand
4.92,3.62,31.9,3.61,0.88,19,93.48,37.47,56.01,62.85,52.06,0.91,0.68,Class 3: Silty sand to sandy silt
4.92,0.26,14.4,0.26,5.54,19,93.48,48.27,45.21,3.66,3.66,8.66,1,Class 6: Organic soil / peat
4.93,3.62,31.7,3.61,0.88,19,93.67,37.57,56.1,62.71,51.96,0.9,0.68,Class 3: Silty sand to sandy silt
4.93,0.26,14.6,0.26,5.7,19,93.67,48.36,45.31,3.67,3.67,8.91,1,Class 6: Organic soil / peat
4.94,3.7,8,7.45,0.08,19,93.86,48.46,45.4,162.07,102.67,0.09,0.43,Class 2: Sand to silty sand
4.94,3.61,30.6,3.6,0.85,19,93.86,37.67,56.19,62.47,51.71,0.87,0.68,Class 3: Silty sand to sandy silt
4.94,0.26,15.5,0.26,5.92,19,93.86,48.46,45.4,3.74,3.74,9.19,1,Class 6: Organic soil / peat
4.95,3.6,30.6,3.59,0.85,19,94.05,37.77,56.28,62.16,51.51,0.87,0.68,Class 3: Silty sand to sandy silt
4.95,0.27,16.7,0.27,6.05,19,94.05,48.56,45.49,3.9,3.9,9.25,1,Class 6: Organic soil / peat
4.96,3.7,4,7.47,0.07,19,94.24,48.66,45.58,161.74,102.54,0.07,0.43,Class 2: Sand to silty sand
4.96,3.59,30.2,3.58,0.84,19,94.24,37.87,56.37,61.85,51.27,0.87,0.68,Class 3: Silty sand to sandy silt
4.97,3.52,30.3,3.51,0.86,19,94.43,37.96,56.47,60.58,50.38,0.89,0.68,Class 3: Silty sand to sandy silt
4.98,3.75,4,7.47,0.06,19,94.62,48.85,45.77,161.04,102.31,0.06,0.43,Class 2: Sand to silty sand
4.98,3.48,30.4,3.48,0.87,19,94.62,38.06,56.56,59.86,49.89,0.9,0.69,Class 3: Silty sand to sandy silt
4.99,3.43,30.4,3.43,0.89,19,94.81,38.16,56.65,58.87,49.18,0.91,0.69,Class 3: Silty sand to sandy silt
5,3.65,6,7.46,0.07,19,95,49.05,45.95,160.36,102.19,0.07,0.43,Class 2: Sand to silty sand
5,3.39,30.7,3.38,0.91,19,95,38.26,56.74,57.95,48.55,0.93,0.69,Class 3: Silty sand to sandy silt
5.01,3.27,30.7,3.28,0.94,19,95.19,38.36,56.83,56.03,47.16,0.96,0.7,Class 3: Silty sand to sandy silt
5.02,3.65,6,7.41,0.08,19,95.38,49.25,46.13,158.59,101.45,0.08,0.43,Class 2: Sand to silty sand
5.02,3.16,30.6,3.17,0.97,19,95.38,38.46,56.92,53.92,45.61,1,0.71,Class 3: Silty sand to sandy silt
5.03,3.14,30.4,3.14,0.97,19,95.57,38.55,57.02,53.42,45.24,1,0.71,Class 3: Silty sand to sandy silt
5.04,3.55,5,7.39,0.07,19,95.76,49.44,46.32,157.56,100.99,0.07,0.43,Class 2: Sand to silty sand
5.04,3.11,30.4,3.11,0.98,19,95.76,38.65,57.11,52.86,44.84,1.01,0.71,Class 3: Silty sand to sandy silt
5.05,3.09,30.3,3.09,0.98,19,95.95,38.75,57.2,52.36,44.48,1.01,0.71,Class 3: Silty sand to sandy silt
5.06,3.55,4,7.38,0.05,19,96.14,49.64,46.5,156.53,100.64,0.05,0.43,Class 2: Sand to silty sand
5.06,3.07,30,3.08,0.98,19,96.14,38.85,57.29,52.01,44.21,1.01,0.71,Class 3: Silty sand to sandy silt
5.07,3.06,29.7,3.06,0.97,19,96.33,38.95,57.38,51.68,43.96,1,0.72,Class 3: Silty sand to sandy silt
5.07,0.81,5.9,0.81,0.73,19,96.33,49.74,46.59,15.27,13.72,0.83,0.86,Class 4: Clayey silt to silty clay
5.08,3.55,2,7.44,0.04,19,96.52,49.83,46.69,157.3,101.37,0.05,0.43,Class 2: Sand to silty sand
5.08,3.05,28.8,3.06,0.94,19,96.52,39.04,57.48,51.48,43.76,0.97,0.71,Class 3: Silty sand to sandy silt
5.08,0.3,20.3,0.3,6.77,19,96.52,49.83,46.69,4.37,4.37,9.98,1,Class 6: Organic soil / peat
5.09,3.05,28.2,3.06,0.92,19,96.71,39.14,57.57,51.4,43.67,0.95,0.71,Class 3: Silty sand to sandy silt
5.09,0.29,20.4,0.29,6.89,19,96.71,49.93,46.78,4.24,4.24,10.26,1,Class 6: Organic soil / peat
5.1,3.7,4,7.54,0.04,19,96.9,50.03,46.87,158.77,102.56,0.04,0.43,Class 2: Sand to silty sand
5.1,3.05,27.6,3.06,0.9,19,96.9,39.24,57.66,51.32,43.59,0.93,0.71,Class 3: Silty sand to sandy silt
5.1,0.29,20.3,0.29,6.95,19,96.9,50.03,46.87,4.18,4.18,10.39,1,Class 6: Organic soil / peat
5.11,3.08,27.8,3.08,0.9,19,97.09,39.34,57.75,51.71,43.91,0.93,0.71,Class 3: Silty sand to sandy silt
5.11,0.29,20.3,0.3,6.84,19,97.09,50.13,46.96,4.24,4.24,10.18,1,Class 6: Organic soil / peat
5.12,3.8,3,7.62,0.05,19,97.28,50.23,47.05,159.88,103.2,0.05,0.43,Class 2: Sand to silty sand
5.12,3.1,28.1,3.11,0.9,19,97.28,39.44,57.84,52.03,44.18,0.93,0.71,Class 3: Silty sand to sandy silt
5.13,3.13,28.1,3.13,0.9,19,97.47,39.53,57.94,52.41,44.49,0.93,0.71,Class 3: Silty sand to sandy silt
5.14,3.75,4,7.64,0.04,19,97.66,50.42,47.24,159.57,103.32,0.04,0.43,Class 2: Sand to silty sand
5.14,3.16,28.4,3.16,0.9,19,97.66,39.63,58.03,52.86,44.86,0.93,0.71,Class 3: Silty sand to sandy silt
5.15,3.19,28.7,3.2,0.9,19,97.85,39.73,58.12,53.3,45.23,0.93,0.7,Class 3: Silty sand to sandy silt
5.16,3.7,3,7.58,0.05,19,98.04,50.62,47.42,157.85,102.45,0.05,0.43,Class 2: Sand to silty sand
5.16,3.25,28.8,3.26,0.88,19,98.04,39.83,58.21,54.28,45.99,0.91,0.7,Class 3: Silty sand to sandy silt
5.17,3.28,28.9,3.29,0.88,19,98.23,39.93,58.3,54.66,46.3,0.91,0.7,Class 3: Silty sand to sandy silt
5.18,3.6,4,7.55,0.06,19,98.42,50.82,47.6,156.5,101.8,0.06,0.43,Class 2: Sand to silty sand
5.18,3.29,29.1,3.3,0.88,19,98.42,40.02,58.4,54.77,46.41,0.91,0.7,Class 3: Silty sand to sandy silt
5.19,3.29,29,3.29,0.88,19,98.61,40.12,58.49,54.61,46.31,0.91,0.7,Class 3: Silty sand to sandy silt
5.2,3.6,6,7.6,0.07,19,98.8,51.01,47.79,156.9,102.19,0.07,0.43,Class 2: Sand to silty sand
5.2,3.27,29.5,3.27,0.9,19,98.8,40.22,58.58,54.19,46.04,0.93,0.7,Class 3: Silty sand to sandy silt
5.21,3.24,29.6,3.25,0.91,19,98.99,40.32,58.67,53.71,45.71,0.94,0.7,Class 3: Silty sand to sandy silt
5.22,3.8,6,7.75,0.08,19,99.18,51.21,47.97,159.38,103.91,0.08,0.43,Class 2: Sand to silty sand
5.22,3.22,29.6,3.23,0.92,19,99.18,40.42,58.76,53.23,45.36,0.95,0.71,Class 3: Silty sand to sandy silt
5.23,3.21,29.8,3.22,0.93,19,99.37,40.52,58.85,53.01,45.23,0.96,0.71,Class 3: Silty sand to sandy silt
5.24,4,6,7.94,0.08,19,99.56,51.4,48.16,162.88,106.13,0.08,0.42,Class 2: Sand to silty sand
5.24,3.21,28.6,3.21,0.89,19,99.56,40.61,58.95,52.79,44.99,0.92,0.71,Class 3: Silty sand to sandy silt
5.24,0.3,18.9,0.3,6.31,19,99.56,51.4,48.16,4.14,4.14,9.45,1,Class 6: Organic soil / peat
5.25,3.2,29.3,3.21,0.91,19,99.75,40.71,59.04,52.67,44.97,0.94,0.71,Class 3: Silty sand to sandy silt
5.25,0.29,19.2,0.29,6.7,19,99.75,51.5,48.25,3.86,3.86,10.29,1,Class 6: Organic soil / peat
5.26,4.15,6,8.16,0.07,19,99.94,51.6,48.34,166.7,108.55,0.07,0.42,Class 2: Sand to silty sand
5.26,3.2,29.9,3.21,0.93,19,99.94,40.81,59.13,52.6,44.98,0.96,0.71,Class 3: Silty sand to sandy silt
5.26,0.27,19.4,0.27,7.04,19,99.94,51.6,48.34,3.6,3.6,11.08,1,Class 6: Organic soil / peat
5.27,3.21,29.8,3.21,0.93,19,100.13,40.91,59.22,52.53,44.94,0.96,0.71,Class 3: Silty sand to sandy silt
5.27,0.26,19.3,0.26,7.38,19,100.13,51.7,48.43,3.34,3.34,11.94,1,Class 6: Organic soil / peat
5.28,4.4,6,8.42,0.08,19,100.32,51.8,48.52,171.53,111.59,0.08,0.42,Class 2: Sand to silty sand
5.28,3.25,29.8,3.25,0.92,19,100.32,41.01,59.31,53.17,45.43,0.94,0.71,Class 3: Silty sand to sandy silt
5.28,0.25,19.3,0.25,7.58,19,100.32,51.8,48.52,3.16,3.16,12.54,1,Class 6: Organic soil / peat
5.29,3.26,29.7,3.27,0.91,19,100.51,41.1,59.41,53.34,45.58,0.94,0.71,Class 3: Silty sand to sandy silt
5.29,0.25,19.1,0.25,7.67,19,100.51,51.89,48.62,3.03,3.03,12.91,1,Class 6: Organic soil / peat
5.3,4.75,7,8.74,0.07,19,100.7,51.99,48.71,177.34,115.16,0.07,0.41,Class 2: Sand to silty sand
5.3,3.3,29.7,3.3,0.9,19,100.7,41.2,59.5,53.78,45.93,0.93,0.7,Class 3: Silty sand to sandy silt
5.31,3.33,29.7,3.33,0.89,19,100.89,41.3,59.59,54.22,46.27,0.92,0.7,Class 3: Silty sand to sandy silt
5.32,5.05,6,9.09,0.07,19,101.08,52.19,48.89,183.79,119.1,0.07,0.4,Class 2: Sand to silty sand
5.32,3.4,30,3.41,0.88,19,101.08,41.4,59.68,55.36,47.18,0.91,0.7,Class 3: Silty sand to sandy silt
5.33,3.43,30.2,3.43,0.88,19,101.27,41.5,59.77,55.73,47.49,0.91,0.7,Class 3: Silty sand to sandy silt
5.34,5.4,6,9.34,0.06,19,101.46,52.39,49.07,188.15,121.84,0.06,0.4,Class 2: Sand to silty sand
5.34,3.46,30.4,3.46,0.88,19,101.46,41.59,59.87,56.16,47.84,0.9,0.7,Class 3: Silty sand to sandy silt
5.35,3.47,30.4,3.48,0.87,19,101.65,41.69,59.96,56.33,47.99,0.9,0.69,Class 3: Silty sand to sandy silt
5.36,5.45,6,9.5,0.07,19,101.84,52.58,49.26,190.79,123.66,0.07,0.4,Class 2: Sand to silty sand
5.36,3.49,30.6,3.5,0.87,19,101.84,41.79,60.05,56.56,48.2,0.9,0.69,Class 3: Silty sand to sandy silt
5.37,3.49,30.8,3.5,0.88,19,102.03,41.89,60.14,56.47,48.17,0.91,0.7,Class 3: Silty sand to sandy silt
5.38,5.5,8,9.57,0.08,19,102.22,52.78,49.44,191.39,124.34,0.08,0.4,Class 2: Sand to silty sand
5.38,3.49,31,3.5,0.89,19,102.22,41.99,60.23,56.35,48.11,0.91,0.7,Class 3: Silty sand to sandy silt
5.39,3.5,30.8,3.5,0.88,19,102.41,42.08,60.33,56.34,48.1,0.91,0.7,Class 3: Silty sand to sandy silt
5.4,5.55,8,9.6,0.08,19,102.6,52.97,49.63,191.31,124.66,0.08,0.4,Class 2: Sand to silty sand
5.4,3.5,30.9,3.51,0.88,19,102.6,42.18,60.42,56.33,48.12,0.91,0.7,Class 3: Silty sand to sandy silt
5.41,3.51,31.1,3.52,0.88,19,102.79,42.28,60.51,56.44,48.23,0.91,0.7,Class 3: Silty sand to sandy silt
5.42,5.5,8,9.56,0.09,19,102.98,53.17,49.81,189.9,124.15,0.09,0.4,Class 2: Sand to silty sand
5.42,3.52,31.5,3.53,0.89,19,102.98,42.38,60.6,56.48,48.31,0.92,0.7,Class 3: Silty sand to sandy silt
5.43,3.53,31.4,3.54,0.89,19,103.17,42.48,60.69,56.58,48.4,0.91,0.7,Class 3: Silty sand to sandy silt
5.44,5.35,9,9.48,0.09,19,103.36,53.37,49.99,187.49,123.07,0.09,0.4,Class 2: Sand to silty sand
5.44,3.55,31.3,3.55,0.88,19,103.36,42.58,60.78,56.74,48.54,0.91,0.69,Class 3: Silty sand to sandy silt
5.45,3.58,31.4,3.58,0.88,19,103.55,42.67,60.88,57.16,48.88,0.9,0.69,Class 3: Silty sand to sandy silt
5.46,5.25,9,9.39,0.1,19,103.74,53.56,50.18,185.1,122.14,0.1,0.41,Class 2: Sand to silty sand
5.46,3.6,31.4,3.6,0.87,19,103.74,42.77,60.97,57.39,49.08,0.9,0.69,Class 3: Silty sand to sandy silt
5.47,3.62,31.3,3.62,0.86,19,103.93,42.87,61.06,57.62,49.26,0.89,0.69,Class 3: Silty sand to sandy silt
5.48,5.2,11,9.44,0.09,19,104.12,53.76,50.36,185.38,122.33,0.09,0.41,Class 2: Sand to silty sand
5.48,3.63,30.8,3.64,0.85,19,104.12,42.97,61.15,57.79,49.38,0.87,0.69,Class 3: Silty sand to sandy silt
5.49,3.66,30.4,3.67,0.83,19,104.31,43.07,61.24,58.2,49.68,0.85,0.69,Class 3: Silty sand to sandy silt
5.5,5.45,6,9.56,0.08,19,104.5,53.96,50.55,186.97,123.38,0.08,0.4,Class 2: Sand to silty sand
5.5,3.69,30.1,3.7,0.81,19,104.5,43.16,61.34,58.56,49.95,0.84,0.68,Class 3: Silty sand to sandy silt
5.51,3.7,27.6,3.71,0.74,19,104.69,43.26,61.43,58.65,49.87,0.77,0.68,Class 3: Silty sand to sandy silt
5.52,5.55,7,9.8,0.06,19,104.88,54.15,50.73,191.18,125.9,0.07,0.4,Class 2: Sand to silty sand
5.52,3.73,26.6,3.74,0.71,19,104.88,43.36,61.52,59.07,50.13,0.73,0.67,Class 3: Silty sand to sandy silt
5.53,3.77,26.9,3.78,0.71,19,105.07,43.46,61.61,59.61,50.58,0.73,0.67,Class 3: Silty sand to sandy silt
5.53,0.91,7.6,0.91,0.83,19,105.07,54.25,50.82,15.92,14.51,0.94,0.86,Class 4: Clayey silt to silty clay
5.54,5.9,6,10,0.06,19,105.26,54.35,50.91,194.38,128.04,0.06,0.39,Class 2: Sand to silty sand
5.54,3.8,27.2,3.81,0.71,19,105.26,43.56,61.7,60.02,50.94,0.73,0.67,Class 3: Silty sand to sandy silt
5.54,0.9,7.9,0.9,0.88,19,105.26,54.35,50.91,15.54,14.23,1,0.87,Class 4: Clayey silt to silty clay
5.55,3.83,27,3.84,0.7,19,105.45,43.65,61.8,60.43,51.25,0.72,0.67,Class 3: Silty sand to sandy silt
5.55,0.88,8.6,0.88,0.98,19,105.45,54.45,51,15.15,13.99,1.11,0.88,Class 4: Clayey silt to silty clay
5.56,6,6,10.15,0.06,19,105.64,54.54,51.1,196.58,129.59,0.06,0.39,Class 2: Sand to silty sand
5.56,3.86,27.6,3.87,0.71,19,105.64,43.75,61.89,60.77,51.58,0.73,0.67,Class 3: Silty sand to sandy silt
5.56,0.87,9.7,0.87,1.12,19,105.64,54.54,51.1,14.91,13.88,1.27,0.9,Class 4: Clayey silt to silty clay
5.57,3.89,28.6,3.89,0.73,19,105.83,43.85,61.98,61.12,51.94,0.76,0.67,Class 3: Silty sand to sandy silt
5.57,0.86,10.1,0.86,1.17,19,105.83,54.64,51.19,14.81,13.83,1.33,0.9,Class 4: Clayey silt to silty clay
5.58,5.95,6,10.16,0.06,19,106.02,54.74,51.28,196.16,129.61,0.06,0.39,Class 2: Sand to silty sand
5.58,3.85,28.7,3.86,0.74,19,106.02,43.95,62.07,60.41,51.43,0.77,0.67,Class 3: Silty sand to sandy silt
5.58,0.86,10.7,0.86,1.25,19,106.02,54.74,51.28,14.64,13.75,1.42,0.91,Class 4: Clayey silt to silty clay
5.59,3.81,29.9,3.82,0.78,19,106.21,44.05,62.16,59.69,50.99,0.81,0.68,Class 3: Silty sand to sandy silt
5.59,0.85,10.2,0.85,1.2,19,106.21,54.84,51.37,14.54,13.63,1.37,0.9,Class 4: Clayey silt to silty clay
5.6,5.9,6,10.13,0.07,19,106.4,54.94,51.46,194.77,129.09,0.07,0.39,Class 2: Sand to silty sand
5.6,3.83,29.9,3.83,0.78,19,106.4,44.15,62.26,59.85,51.13,0.8,0.68,Class 3: Silty sand to sandy silt
5.6,0.85,13.3,0.85,1.56,19,106.4,54.94,51.46,14.5,13.79,1.78,0.93,Class 4: Clayey silt to silty clay
5.61,3.79,30,3.8,0.79,19,106.59,44.24,62.35,59.2,50.66,0.81,0.68,Class 3: Silty sand to sandy silt
5.61,0.85,14.5,0.85,1.7,19,106.59,55.03,51.56,14.48,13.84,1.94,0.93,Class 4: Clayey silt to silty clay
5.62,5.85,9,10.06,0.08,19,106.78,55.13,51.65,192.75,128.26,0.08,0.4,Class 2: Sand to silty sand
5.62,3.76,30.1,3.77,0.8,19,106.78,44.34,62.44,58.61,50.24,0.82,0.68,Class 3: Silty sand to sandy silt
5.62,0.85,15.5,0.85,1.82,19,106.78,55.13,51.65,14.45,13.87,2.08,0.94,Class 4: Clayey silt to silty clay
5.63,3.73,30.1,3.74,0.8,19,106.97,44.44,62.53,58.09,49.85,0.83,0.68,Class 3: Silty sand to sandy silt
5.63,0.86,16.7,0.86,1.94,19,106.97,55.23,51.74,14.53,13.99,2.22,0.94,Class 4: Clayey silt to silty clay
5.64,5.7,9,10.06,0.09,19,107.16,55.33,51.83,192.02,128.19,0.09,0.4,Class 2: Sand to silty sand
5.64,3.7,30.1,3.71,0.81,19,107.16,44.54,62.62,57.5,49.42,0.84,0.69,Class 3: Silty sand to sandy silt
5.64,0.87,17,0.87,1.95,19,107.16,55.33,51.83,14.74,14.18,2.23,0.94,Class 4: Clayey silt to silty clay
5.65,3.67,30.4,3.68,0.83,19,107.35,44.64,62.71,56.98,49.06,0.85,0.69,Class 3: Silty sand to sandy silt
5.65,0.9,17.4,0.9,1.93,19,107.35,55.43,51.92,15.26,14.63,2.2,0.94,Class 4: Clayey silt to silty clay
5.66,5.85,8,10.04,0.09,19,107.54,55.52,52.02,190.98,127.95,0.09,0.4,Class 2: Sand to silty sand
5.66,3.62,30.4,3.62,0.84,19,107.54,44.73,62.81,55.97,48.3,0.86,0.69,Class 3: Silty sand to sandy silt
5.66,0.94,17.8,0.94,1.89,19,107.54,55.52,52.02,16.06,15.31,2.13,0.93,Class 4: Clayey silt to silty clay
5.67,3.59,30.3,3.59,0.84,19,107.73,44.83,62.9,55.39,47.86,0.87,0.69,Class 3: Silty sand to sandy silt
5.67,0.96,19.3,0.96,2,19,107.73,55.62,52.11,16.44,15.69,2.25,0.93,Class 4: Clayey silt to silty clay
5.68,5.75,11,10.02,0.1,19,107.92,55.72,52.2,189.95,127.71,0.1,0.4,Class 2: Sand to silty sand
5.68,3.56,30.3,3.57,0.85,19,107.92,44.93,62.99,54.94,47.53,0.88,0.7,Class 3: Silty sand to sandy silt
5.68,0.98,20.2,0.98,2.06,19,107.92,55.72,52.2,16.68,15.93,2.32,0.93,Class 4: Clayey silt to silty clay
5.69,3.54,30.3,3.55,0.85,19,108.11,45.03,63.08,54.49,47.2,0.88,0.7,Class 3: Silty sand to sandy silt
5.69,1,20.6,1,2.06,19,108.11,55.82,52.29,17.06,16.26,2.31,0.93,Class 4: Clayey silt to silty clay
5.7,5.6,11,9.84,0.11,19,108.3,55.92,52.38,185.75,125.66,0.11,0.41,Class 2: Sand to silty sand
5.7,3.54,30.3,3.54,0.86,19,108.3,45.13,63.17,54.38,47.13,0.88,0.7,Class 3: Silty sand to sandy silt
5.7,1.02,20.8,1.02,2.04,19,108.3,55.92,52.38,17.37,16.52,2.29,0.92,Class 4: Clayey silt to silty clay
5.71,3.54,30.6,3.54,0.86,19,108.49,45.22,63.27,54.26,47.07,0.89,0.7,Class 3: Silty sand to sandy silt
5.71,1.05,20.9,1.05,2,19,108.49,56.02,52.47,17.88,16.95,2.23,0.92,Class 4: Clayey silt to silty clay
5.72,5.25,11,9.72,0.1,19,108.68,56.11,52.57,182.84,123.86,0.1,0.41,Class 2: Sand to silty sand
5.72,3.53,30.6,3.54,0.86,19,108.68,45.32,63.36,54.12,46.98,0.89,0.7,Class 3: Silty sand to sandy silt
5.72,0.99,20.9,0.99,2.1,19,108.68,56.11,52.57,16.86,16.11,2.36,0.93,Class 4: Clayey silt to silty clay
5.73,3.53,30.6,3.53,0.87,19,108.87,45.42,63.45,53.98,46.89,0.89,0.7,Class 3: Silty sand to sandy silt
5.73,0.99,20.9,0.99,2.1,19,108.87,56.21,52.66,16.8,16.07,2.36,0.93,Class 4: Clayey silt to silty clay
5.74,5.35,7,9.45,0.1,19,109.06,56.31,52.75,177.11,120.57,0.1,0.41,Class 2: Sand to silty sand
5.74,3.51,30.5,3.51,0.87,19,109.06,45.52,63.54,53.59,46.6,0.9,0.7,Class 3: Silty sand to sandy silt
5.74,0.99,20.9,0.99,2.11,19,109.06,56.31,52.75,16.75,16.02,2.37,0.93,Class 4: Clayey silt to silty clay
5.75,3.49,30.4,3.5,0.87,19,109.25,45.62,63.63,53.21,46.31,0.9,0.7,Class 3: Silty sand to sandy silt
5.75,0.99,20.9,0.99,2.1,19,109.25,56.41,52.84,16.73,16,2.36,0.93,Class 4: Clayey silt to silty clay
5.76,4.75,10,9.2,0.08,19,109.44,56.51,52.93,171.73,117.23,0.08,0.41,Class 2: Sand to silty sand
5.76,3.47,30.2,3.48,0.87,19,109.44,45.71,63.73,52.82,46.01,0.9,0.7,Class 3: Silty sand to sandy silt
5.76,0.99,21.4,0.99,2.16,19,109.44,56.51,52.93,16.63,15.94,2.43,0.94,Class 4: Clayey silt to silty clay
5.77,3.45,29.9,3.46,0.86,19,109.63,45.81,63.82,52.5,45.76,0.89,0.7,Class 3: Silty sand to sandy silt
5.77,0.98,21.8,0.98,2.24,19,109.63,56.6,53.03,16.32,15.71,2.52,0.94,Class 4: Clayey silt to silty clay
5.78,4.45,6,8.9,0.08,19,109.82,56.7,53.12,165.45,113.51,0.08,0.42,Class 2: Sand to silty sand
5.78,3.43,29.8,3.44,0.87,19,109.82,45.91,63.91,52.06,45.42,0.9,0.7,Class 3: Silty sand to sandy silt
5.78,0.97,22.2,0.97,2.29,19,109.82,56.7,53.12,16.16,15.59,2.59,0.94,Class 4: Clayey silt to silty clay
5.79,3.43,30,3.43,0.87,19,110.01,46.01,64,51.92,45.34,0.9,0.7,Class 3: Silty sand to sandy silt
5.79,0.96,23.1,0.96,2.4,19,110.01,56.8,53.21,15.99,15.48,2.71,0.95,Class 4: Clayey silt to silty clay
5.8,4.4,5,8.75,0.06,19,110.2,56.9,53.3,162.03,111.46,0.06,0.42,Class 2: Sand to silty sand
5.8,3.43,29.8,3.43,0.87,19,110.2,46.11,64.09,51.84,45.28,0.9,0.7,Class 3: Silty sand to sandy silt
5.8,0.96,22.3,0.96,2.32,19,110.2,56.9,53.3,15.96,15.42,2.62,0.95,Class 4: Clayey silt to silty clay
5.81,3.42,29.6,3.43,0.86,19,110.39,46.21,64.18,51.71,45.18,0.89,0.7,Class 3: Silty sand to sandy silt
5.81,0.96,23.6,0.96,2.46,19,110.39,57,53.39,15.93,15.45,2.77,0.95,Class 4: Clayey silt to silty clay
5.82,4.25,5,8.68,0.05,19,110.58,57.09,53.49,160.19,110.54,0.05,0.42,Class 2: Sand to silty sand
5.82,3.42,29.3,3.43,0.85,19,110.58,46.3,64.28,51.66,45.14,0.88,0.7,Class 3: Silty sand to sandy silt
5.82,0.96,29.1,0.96,3.03,19,110.58,57.09,53.49,15.9,15.61,3.42,0.97,Class 4: Clayey silt to silty clay
5.83,3.43,28.9,3.43,0.84,19,110.77,46.4,64.37,51.61,45.1,0.87,0.7,Class 3: Silty sand to sandy silt
5.83,0.97,29.7,0.97,3.07,19,110.77,57.19,53.58,16,15.72,3.46,0.97,Class 4: Clayey silt to silty clay
5.84,4.2,4,8.68,0.05,19,110.96,57.29,53.67,159.6,110.47,0.05,0.42,Class 2: Sand to silty sand
5.84,3.44,29.6,3.45,0.86,19,110.96,46.5,64.46,51.78,45.28,0.89,0.7,Class 3: Silty sand to sandy silt
5.84,0.98,30.3,0.98,3.08,19,110.96,57.29,53.67,16.24,15.94,3.48,0.97,Class 4: Clayey silt to silty clay
5.85,3.45,30.3,3.46,0.88,19,111.15,46.6,64.55,51.88,45.42,0.9,0.71,Class 3: Silty sand to sandy silt
5.85,1,30.2,1,3.03,19,111.15,57.39,53.76,16.47,16.13,3.41,0.97,Class 4: Clayey silt to silty clay
5.86,4.35,3,8.69,0.04,19,111.34,57.49,53.85,159.33,110.58,0.04,0.42,Class 2: Sand to silty sand
5.86,3.49,30.2,3.5,0.86,19,111.34,46.7,64.64,52.4,45.85,0.89,0.7,Class 3: Silty sand to sandy silt
5.86,1.01,34.1,1.01,3.37,19,111.34,57.49,53.85,16.71,16.45,3.79,0.98,Class 4: Clayey silt to silty clay
5.87,3.51,31,3.52,0.88,19,111.53,46.79,64.74,52.62,46.08,0.91,0.7,Class 3: Silty sand to sandy silt
5.87,1.07,37.9,1.07,3.55,19,111.53,57.58,53.95,17.74,17.43,3.96,0.97,Class 4: Clayey silt to silty clay
5.88,4.25,4,8.69,0.04,19,111.72,57.68,54.04,158.75,110.42,0.04,0.42,Class 2: Sand to silty sand
5.88,3.54,30.8,3.55,0.87,19,111.72,46.89,64.83,52.96,46.36,0.9,0.7,Class 3: Silty sand to sandy silt
5.88,1.09,40.5,1.09,3.72,19,111.72,57.68,54.04,18.1,17.82,4.14,0.97,Class 4: Clayey silt to silty clay
5.89,3.56,31,3.56,0.87,19,111.91,46.99,64.92,53.19,46.56,0.9,0.7,Class 3: Silty sand to sandy silt
5.89,1.12,40.6,1.12,3.63,19,111.91,57.78,54.13,18.6,18.24,4.03,0.97,Class 4: Clayey silt to silty clay
5.9,4.15,4,8.57,0.05,19,112.1,57.88,54.22,156.02,108.73,0.06,0.42,Class 2: Sand to silty sand
5.9,3.6,31.1,3.61,0.86,19,112.1,47.09,65.01,53.76,47.04,0.89,0.7,Class 3: Silty sand to sandy silt
5.9,1.18,40.4,1.18,3.44,19,112.1,57.88,54.22,19.62,19.1,3.8,0.96,Class 4: Clayey silt to silty clay
5.91,3.62,31.1,3.63,0.86,19,112.29,47.19,65.1,53.98,47.23,0.88,0.7,Class 3: Silty sand to sandy silt
5.91,1.24,40.2,1.24,3.24,19,112.29,57.98,54.31,20.77,20.06,3.56,0.94,Class 4: Clayey silt to silty clay
5.92,3.95,6,8.45,0.06,19,112.48,58.08,54.4,153.31,107.21,0.06,0.42,Class 2: Sand to silty sand
5.92,3.64,31.1,3.65,0.85,19,112.48,47.28,65.2,54.2,47.42,0.88,0.7,Class 3: Silty sand to sandy silt
5.92,1.39,38.6,1.39,2.77,19,112.48,58.08,54.4,23.57,22.32,3.01,0.91,Class 4: Clayey silt to silty clay
5.93,3.66,31.3,3.67,0.85,19,112.67,47.38,65.29,54.42,47.62,0.88,0.7,Class 3: Silty sand to sandy silt
5.93,1.47,35.9,1.47,2.44,19,112.67,58.17,54.5,24.97,23.38,2.64,0.89,Class 4: Clayey silt to silty clay
5.94,3.85,6,8.35,0.07,19,112.86,58.27,54.59,150.93,105.93,0.07,0.43,Class 2: Sand to silty sand
5.94,3.67,31.9,3.67,0.87,19,112.86,47.48,65.38,54.46,47.71,0.9,0.7,Class 3: Silty sand to sandy silt
5.94,1.52,33.7,1.52,2.21,19,112.86,58.27,54.59,25.85,23.99,2.39,0.88,Class 4: Clayey silt to silty clay
5.95,3.73,31.9,3.74,0.85,19,113.05,47.58,65.47,55.32,48.41,0.88,0.69,Class 3: Silty sand to sandy silt
5.96,3.8,6,8.25,0.08,19,113.24,58.47,54.77,148.56,104.7,0.08,0.43,Class 2: Sand to silty sand
5.96,3.74,31.9,3.75,0.85,19,113.24,47.68,65.56,55.48,48.55,0.88,0.69,Class 3: Silty sand to sandy silt
5.97,3.77,31.9,3.78,0.84,19,113.43,47.77,65.66,55.81,48.83,0.87,0.69,Class 3: Silty sand to sandy silt
5.98,3.6,8,8.1,0.07,19,113.62,58.66,54.96,145.29,102.72,0.08,0.43,Class 2: Sand to silty sand
5.98,3.8,32,3.8,0.84,19,113.62,47.87,65.75,56.14,49.12,0.87,0.69,Class 3: Silty sand to sandy silt
5.99,3.81,32.1,3.82,0.84,19,113.81,47.97,65.84,56.24,49.22,0.87,0.69,Class 3: Silty sand to sandy silt
6,3.35,4,7.91,0.07,19,114,58.86,55.14,141.45,100.41,0.07,0.44,Class 2: Sand to silty sand
6,3.81,32.5,3.82,0.85,19,114,48.07,65.93,56.16,49.2,0.88,0.69,Class 3: Silty sand to sandy silt
6.01,3.79,32.9,3.8,0.87,19,114.19,48.17,66.02,55.78,48.94,0.89,0.69,Class 3: Silty sand to sandy silt
6.02,3.2,5,7.71,0.06,19,114.38,59.06,55.32,137.32,97.88,0.06,0.44,Class 2: Sand to silty sand
6.02,3.78,33,3.79,0.87,19,114.38,48.27,66.11,55.59,48.81,0.9,0.7,Class 3: Silty sand to sandy silt
6.03,3.78,32.5,3.78,0.86,19,114.57,48.36,66.21,55.42,48.66,0.89,0.69,Class 3: Silty sand to sandy silt
6.04,2.95,4,7.54,0.07,19,114.76,59.25,55.51,133.83,95.79,0.07,0.44,Class 2: Sand to silty sand
6.04,3.78,32.8,3.78,0.87,19,114.76,48.46,66.3,55.35,48.64,0.89,0.7,Class 3: Silty sand to sandy silt
6.05,3.78,33.1,3.79,0.87,19,114.95,48.56,66.39,55.29,48.63,0.9,0.7,Class 3: Silty sand to sandy silt
6.06,2.8,6,7.38,0.06,19,115.14,59.45,55.69,130.36,93.68,0.06,0.45,Class 2: Sand to silty sand
6.06,3.8,33,3.81,0.87,19,115.14,48.66,66.48,55.56,48.86,0.89,0.69,Class 3: Silty sand to sandy silt
6.07,3.85,33.2,3.86,0.86,19,115.33,48.76,66.57,56.24,49.43,0.89,0.69,Class 3: Silty sand to sandy silt
6.08,2.65,4,7.24,0.06,19,115.52,59.64,55.88,127.51,91.96,0.06,0.45,Class 2: Sand to silty sand
6.08,3.88,34,3.88,0.88,19,115.52,48.85,66.67,56.5,49.7,0.9,0.69,Class 3: Silty sand to sandy silt
6.09,3.9,33.7,3.91,0.86,19,115.71,48.95,66.76,56.83,49.96,0.89,0.69,Class 3: Silty sand to sandy silt
6.1,2.5,3,7.11,0.05,19,115.9,59.84,56.06,124.67,90.31,0.05,0.46,Class 2: Sand to silty sand
6.1,3.92,34.2,3.93,0.87,19,115.9,49.05,66.85,57.04,50.18,0.9,0.69,Class 3: Silty sand to sandy silt
6.11,3.97,34.6,3.97,0.87,19,116.09,49.15,66.94,57.6,50.66,0.9,0.69,Class 3: Silty sand to sandy silt
6.12,2.35,3,6.97,0.05,19,116.28,60.04,56.24,121.86,88.59,0.05,0.46,Class 2: Sand to silty sand
6.12,3.99,34.4,3.99,0.86,19,116.28,49.25,67.03,57.8,50.84,0.89,0.69,Class 3: Silty sand to sandy silt
6.13,4.01,36.8,4.01,0.92,19,116.47,49.34,67.13,58.07,51.19,0.94,0.69,Class 3: Silty sand to sandy silt
6.14,2.2,4,6.94,0.05,19,116.66,60.23,56.43,120.84,88.02,0.05,0.46,Class 2: Sand to silty sand
6.14,4.01,36.9,4.02,0.92,19,116.66,49.44,67.22,58.04,51.19,0.95,0.69,Class 3: Silty sand to sandy silt
6.15,4.01,37.5,4.01,0.93,19,116.85,49.54,67.31,57.9,51.13,0.96,0.7,Class 3: Silty sand to sandy silt
6.16,2.35,4,6.97,0.05,19,117.04,60.43,56.61,121,88.28,0.05,0.46,Class 2: Sand to silty sand
6.16,4.01,38.3,4.02,0.95,19,117.04,49.64,67.4,57.88,51.17,0.98,0.7,Class 3: Silty sand to sandy silt
6.17,4,38.4,4.01,0.96,19,117.23,49.74,67.49,57.68,51.03,0.99,0.7,Class 3: Silty sand to sandy silt
6.18,2.4,3,7.13,0.05,19,117.42,60.63,56.79,123.5,90.14,0.05,0.46,Class 2: Sand to silty sand
6.18,3.98,38.4,3.99,0.96,19,117.42,49.83,67.59,57.25,50.71,0.99,0.7,Class 3: Silty sand to sandy silt
6.19,3.95,38.5,3.95,0.97,19,117.61,49.93,67.68,56.66,50.25,1,0.7,Class 3: Silty sand to sandy silt
6.2,2.65,3,7.41,0.04,19,117.8,60.82,56.98,128.04,93.34,0.05,0.45,Class 2: Sand to silty sand
6.2,3.87,38.6,3.88,1,19,117.8,50.03,67.77,55.49,49.32,1.03,0.71,Class 3: Silty sand to sandy silt
6.21,3.84,38.7,3.85,1.01,19,117.99,50.13,67.86,54.95,48.91,1.04,0.71,Class 3: Silty sand to sandy silt
6.22,3.15,4,7.75,0.06,19,118.18,61.02,57.16,133.43,96.99,0.06,0.44,Class 2: Sand to silty sand
6.22,3.8,39.7,3.8,1.04,19,118.18,50.23,67.95,54.25,48.4,1.08,0.71,Class 3: Silty sand to sandy silt
6.23,3.78,39.7,3.79,1.05,19,118.37,50.33,68.04,53.89,48.12,1.08,0.72,Class 3: Silty sand to sandy silt
6.24,3.35,6,7.98,0.05,19,118.56,61.21,57.35,137.03,99.56,0.06,0.44,Class 2: Sand to silty sand
6.24,3.76,40.4,3.77,1.07,19,118.56,50.42,68.14,53.59,47.92,1.11,0.72,Class 3: Silty sand to sandy silt
6.25,3.77,40.7,3.77,1.08,19,118.75,50.52,68.23,53.57,47.93,1.11,0.72,Class 3: Silty sand to sandy silt
6.26,3.3,3,8.09,0.06,19,118.94,61.41,57.53,138.59,100.75,0.06,0.44,Class 2: Sand to silty sand
6.26,3.77,41.1,3.78,1.09,19,118.94,50.62,68.32,53.55,47.95,1.12,0.72,Class 3: Silty sand to sandy silt
6.27,3.78,41.3,3.79,1.09,19,119.13,50.72,68.41,53.59,48.01,1.13,0.72,Class 3: Silty sand to sandy silt
6.28,3.45,6,8.11,0.05,19,119.32,61.61,57.71,138.4,100.81,0.05,0.44,Class 2: Sand to silty sand
6.28,3.81,41.5,3.82,1.09,19,119.32,50.82,68.5,53.97,48.34,1.12,0.72,Class 3: Silty sand to sandy silt
6.29,3.83,41.9,3.83,1.09,19,119.51,50.91,68.6,54.12,48.5,1.13,0.72,Class 3: Silty sand to sandy silt
6.3,3.35,4,7.96,0.06,19,119.7,61.8,57.9,135.33,98.92,0.06,0.44,Class 2: Sand to silty sand
6.3,3.84,42.3,3.84,1.1,19,119.7,51.01,68.69,54.22,48.61,1.14,0.72,Class 3: Silty sand to sandy silt
6.31,3.85,42.6,3.85,1.11,19,119.89,51.11,68.78,54.25,48.67,1.14,0.72,Class 3: Silty sand to sandy silt
6.32,2.8,4,7.62,0.07,19,120.08,62,58.08,129.13,94.95,0.07,0.45,Class 2: Sand to silty sand
6.32,3.87,42.9,3.87,1.11,19,120.08,51.21,68.87,54.52,48.91,1.14,0.72,Class 3: Silty sand to sandy silt
6.33,3.86,43.5,3.87,1.12,19,120.27,51.31,68.96,54.39,48.84,1.16,0.72,Class 3: Silty sand to sandy silt
6.34,2.4,8,7.2,0.09,19,120.46,62.2,58.26,121.54,90.11,0.09,0.46,Class 2: Sand to silty sand
6.34,3.87,44.1,3.88,1.14,19,120.46,51.4,69.06,54.42,48.91,1.17,0.72,Class 3: Silty sand to sandy silt
6.34,0.91,24.4,0.92,2.64,19,120.46,62.2,58.26,13.71,13.57,3.04,0.98,Class 4: Clayey silt to silty clay
6.35,3.89,44,3.9,1.13,19,120.65,51.5,69.15,54.63,49.1,1.16,0.72,Class 3: Silty sand to sandy silt
6.35,1,23.9,1.01,2.37,19,120.65,62.29,58.36,15.16,14.81,2.69,0.96,Class 4: Clayey silt to silty clay
6.36,2.05,7,6.77,0.12,19,120.84,62.39,58.45,113.7,85.28,0.13,0.48,Class 2: Sand to silty sand
6.36,3.94,44.2,3.95,1.12,19,120.84,51.6,69.24,55.28,49.66,1.15,0.72,Class 3: Silty sand to sandy silt
6.36,1.1,23.1,1.12,1.97,19,120.84,62.39,58.45,17.12,16.42,2.21,0.92,Class 4: Clayey silt to silty clay
6.37,3.96,44.2,3.96,1.11,19,121.03,51.7,69.33,55.43,49.8,1.15,0.72,Class 3: Silty sand to sandy silt
6.37,1.26,19.3,1.27,1.57,19,121.03,62.49,58.54,19.68,18.49,1.74,0.89,Class 4: Clayey silt to silty clay
6.38,1.45,10,6.4,0.13,19,121.22,62.59,58.63,107.06,80.9,0.13,0.49,Class 2: Sand to silty sand
6.38,3.99,44,3.99,1.1,19,121.22,51.8,69.42,55.75,50.07,1.14,0.72,Class 3: Silty sand to sandy silt
6.39,4.02,44,4.03,1.09,19,121.41,51.89,69.52,56.23,50.48,1.13,0.71,Class 3: Silty sand to sandy silt
6.4,1.25,8,6.11,0.15,19,121.6,62.78,58.82,101.87,77.59,0.15,0.5,Class 2: Sand to silty sand
6.42,1.15,9,5.96,0.14,19,121.98,62.98,59,98.98,75.6,0.14,0.5,Class 2: Sand to silty sand
6.44,0.95,8,5.86,0.15,19,122.36,63.18,59.18,96.95,74.41,0.16,0.51,Class 2: Sand to silty sand
6.46,0.9,10,5.81,0.14,19,122.74,63.37,59.37,95.77,73.59,0.15,0.51,Class 2: Sand to silty sand
6.48,0.95,7,5.96,0.15,19,123.12,63.57,59.55,97.96,75.27,0.15,0.5,Class 2: Sand to silty sand
6.5,1.35,9,6.32,0.13,19,123.5,63.77,59.74,103.76,79.28,0.13,0.49,Class 2: Sand to silty sand
6.52,1.95,8,6.74,0.12,19,123.88,63.96,59.92,110.36,83.96,0.12,0.48,Class 2: Sand to silty sand
6.54,2.15,7,7.09,0.1,19,124.26,64.16,60.1,115.81,87.68,0.1,0.47,Class 2: Sand to silty sand
6.56,2.35,6,7.23,0.09,19,124.64,64.35,60.29,117.92,89.18,0.09,0.46,Class 2: Sand to silty sand
6.58,2.35,6,7.33,0.08,19,125.02,64.55,60.47,119.18,90.11,0.08,0.46,Class 2: Sand to silty sand
6.6,2.4,5,7.4,0.07,19,125.4,64.75,60.65,119.88,90.69,0.07,0.46,Class 2: Sand to silty sand
6.62,2.5,4,7.48,0.06,19,125.78,64.94,60.84,120.86,91.5,0.06,0.45,Class 2: Sand to silty sand
6.64,2.55,4,7.54,0.06,19,126.16,65.14,61.02,121.55,92.13,0.06,0.45,Class 2: Sand to silty sand
6.66,2.55,6,7.64,0.06,19,126.54,65.33,61.21,122.79,93.14,0.06,0.45,Class 2: Sand to silty sand
6.68,2.75,3,7.89,0.05,19,126.92,65.53,61.39,126.46,95.88,0.05,0.45,Class 2: Sand to silty sand
6.7,3.25,3,8.24,0.04,19,127.3,65.73,61.57,131.73,99.96,0.04,0.45,Class 2: Sand to silty sand
6.72,3.55,3,8.67,0.04,19,127.68,65.92,61.76,138.32,104.69,0.04,0.44,Class 2: Sand to silty sand
6.74,4,4,9.05,0.04,19,128.06,66.12,61.94,144.07,108.82,0.04,0.43,Class 2: Sand to silty sand
6.76,4.35,4,9.55,0.06,19,128.44,66.32,62.12,151.66,114.11,0.06,0.42,Class 2: Sand to silty sand
6.78,5,9,10.12,0.08,19,128.82,66.51,62.31,160.27,120.41,0.08,0.41,Class 2: Sand to silty sand
6.8,5.65,11,10.75,0.09,19,129.2,66.71,62.49,169.9,127.4,0.09,0.4,Class 2: Sand to silty sand
6.82,6.2,8,11.41,0.07,19,129.58,66.9,62.68,180.01,134.47,0.07,0.39,Class 2: Sand to silty sand
6.84,6.95,6,11.96,0.06,19,129.96,67.1,62.86,188.2,140.3,0.06,0.38,Class 2: Sand to silty sand
6.86,7.25,7,12.34,0.06,19,130.34,67.3,63.04,193.7,144.34,0.06,0.38,Class 2: Sand to silty sand
6.88,7.3,8,12.42,0.07,19,130.72,67.49,63.23,194.42,145.11,0.07,0.38,Class 2: Sand to silty sand
6.9,7.15,10,12.39,0.07,19,131.1,67.69,63.41,193.3,144.63,0.07,0.38,Class 2: Sand to silty sand
6.9,3.04,142.8,3.09,4.62,19,131.1,67.69,63.41,46.7,44.27,4.82,0.89,Class 4: Clayey silt to silty clay
6.91,2.68,145.6,2.74,5.28,19,131.29,67.79,63.5,41.1,39.51,5.54,0.92,Class 4: Clayey silt to silty clay
6.92,7.1,9,12.42,0.09,19,131.48,67.89,63.59,193.23,145.03,0.09,0.38,Class 2: Sand to silty sand
6.92,2.5,145.4,2.55,5.7,19,131.48,67.89,63.59,38.03,36.87,6.01,0.93,Class 4: Clayey silt to silty clay
6.93,2.47,145.1,2.48,5.74,19,131.67,67.98,63.69,36.85,35.8,6.07,0.94,Class 4: Clayey silt to silty clay
6.94,7.35,14,12.64,0.1,19,131.86,68.08,63.78,196.04,147.38,0.1,0.38,Class 2: Sand to silty sand
6.94,2.47,136.6,2.47,5.66,19,131.86,68.08,63.78,36.65,35.59,5.97,0.94,Class 4: Clayey silt to silty clay
6.95,2.47,137.3,2.49,5.51,19,132.05,68.18,63.87,36.93,35.81,5.82,0.93,Class 4: Clayey silt to silty clay
6.96,7.75,14,13.1,0.12,19,132.24,68.28,63.96,202.74,152.75,0.12,0.38,Class 2: Sand to silty sand
6.96,2.53,138,2.5,5.5,19,132.24,68.28,63.96,37,35.87,5.81,0.93,Class 4: Clayey silt to silty clay
6.97,2.49,137.2,2.54,5.41,19,132.43,68.38,64.05,37.53,36.33,5.71,0.93,Class 4: Clayey silt to silty clay
6.98,8.45,19,13.75,0.13,19,132.62,68.47,64.15,212.26,160,0.13,0.38,Class 2: Sand to silty sand
6.98,2.58,136.4,2.6,5.19,19,132.62,68.47,64.15,38.43,37.07,5.47,0.92,Class 4: Clayey silt to silty clay
6.99,2.72,131.1,2.78,4.78,19,132.81,68.57,64.24,41.17,39.41,5.02,0.9,Class 4: Clayey silt to silty clay
7,9.25,22,14.48,0.15,19,133,68.67,64.33,223.02,168.11,0.15,0.38,Class 1: Gravelly sand to dense sand
7,3.03,130.5,3.02,4.31,19,133,68.67,64.33,44.95,42.62,4.51,0.88,Class 4: Clayey silt to silty clay
7.02,9.9,22,15.15,0.14,19,133.38,68.87,64.51,232.69,175.04,0.14,0.37,Class 1: Gravelly sand to dense sand
7.04,10.4,19,15.59,0.13,19,133.76,69.06,64.7,238.95,179.47,0.13,0.36,Class 1: Gravelly sand to dense sand
7.06,10.55,19,15.74,0.12,19,134.14,69.26,64.88,240.55,180.77,0.12,0.36,Class 1: Gravelly sand to dense sand
7.08,10.3,20,15.52,0.11,19,134.52,69.45,65.07,236.51,178.02,0.11,0.36,Class 1: Gravelly sand to dense sand
7.1,9.7,14,15.04,0.1,19,134.9,69.65,65.25,228.41,172.35,0.1,0.36,Class 1: Gravelly sand to dense sand
7.12,9.05,12,14.55,0.07,19,135.28,69.85,65.43,220.35,166.48,0.07,0.36,Class 1: Gravelly sand to dense sand
7.14,8.8,6,14.1,0.06,19,135.66,70.04,65.62,212.84,161.38,0.06,0.36,Class 1: Gravelly sand to dense sand
7.16,8.3,8,13.7,0.05,19,136.04,70.24,65.8,206.14,156.97,0.05,0.37,Class 1: Gravelly sand to dense sand
7.18,7.8,6,13.32,0.06,19,136.42,70.44,65.98,199.72,152.6,0.06,0.37,Class 1: Gravelly sand to dense sand
7.2,7.6,11,13,0.07,19,136.8,70.63,66.17,194.35,149.02,0.07,0.38,Class 1: Gravelly sand to dense sand
7.22,7.3,9,12.86,0.09,19,137.18,70.83,66.35,191.77,147.61,0.09,0.38,Class 2: Sand to silty sand
7.24,7.35,13,12.78,0.09,19,137.56,71.02,66.54,189.96,146.62,0.09,0.38,Class 2: Sand to silty sand
7.26,7.3,13,12.84,0.11,19,137.94,71.22,66.72,190.41,147.56,0.12,0.39,Class 2: Sand to silty sand
7.28,7.45,18,12.94,0.12,19,138.32,71.42,66.9,191.35,148.56,0.12,0.39,Class 2: Sand to silty sand
7.3,7.6,15,13.07,0.12,19,138.7,71.61,67.09,192.78,149.96,0.13,0.39,Class 2: Sand to silty sand
7.32,7.65,16,12.89,0.13,19,139.08,71.81,67.27,189.5,147.98,0.14,0.4,Class 2: Sand to silty sand
7.34,6.85,21,12.54,0.17,19,139.46,72.01,67.45,183.76,144.58,0.17,0.41,Class 2: Sand to silty sand
7.36,6.5,26,12,0.21,19,139.84,72.2,67.64,175.35,139.32,0.22,0.43,Class 2: Sand to silty sand
7.38,6,30,11.62,0.25,19,140.22,72.4,67.82,169.19,135.48,0.26,0.45,Class 2: Sand to silty sand
7.4,5.65,32,11.36,0.27,19,140.6,72.59,68.01,165.03,132.76,0.27,0.45,Class 2: Sand to silty sand
7.42,5.7,30,11.41,0.27,19,140.98,72.79,68.19,165.28,133.09,0.27,0.45,Class 2: Sand to silty sand
7.44,6.1,29,11.74,0.23,19,141.36,72.99,68.37,169.68,136.08,0.23,0.44,Class 2: Sand to silty sand
7.46,6.6,21,12.24,0.19,19,141.74,73.18,68.56,176.49,140.77,0.19,0.42,Class 2: Sand to silty sand
7.48,7.15,18,12.71,0.14,19,142.12,73.38,68.74,182.78,144.97,0.14,0.4,Class 2: Sand to silty sand
7.5,7.45,15,13.06,0.13,19,142.5,73.58,68.93,187.34,148.31,0.13,0.39,Class 2: Sand to silty sand
7.52,7.6,16,13.2,0.12,19,142.88,73.77,69.11,188.98,149.66,0.12,0.39,Class 2: Sand to silty sand
7.54,7.55,16,13.25,0.12,19,143.26,73.97,69.29,189.17,150.07,0.12,0.39,Class 2: Sand to silty sand
7.56,7.55,16,13.27,0.12,19,143.64,74.16,69.48,188.88,150,0.12,0.39,Class 2: Sand to silty sand
7.58,7.6,14,13.32,0.11,19,144.02,74.36,69.66,189.07,150.25,0.11,0.39,Class 2: Sand to silty sand
7.6,7.65,13,13.4,0.09,19,144.4,74.56,69.84,189.74,150.78,0.1,0.38,Class 2: Sand to silty sand
7.62,7.75,11,13.48,0.09,19,144.78,74.75,70.03,190.4,151.41,0.09,0.38,Class 1: Gravelly sand to dense sand
7.64,7.8,11,13.41,0.1,19,145.16,74.95,70.21,188.93,150.71,0.1,0.38,Class 2: Sand to silty sand
7.66,7.4,18,13.18,0.13,19,145.54,75.14,70.4,185.09,148.47,0.13,0.39,Class 2: Sand to silty sand
7.68,7,21,12.81,0.16,19,145.92,75.34,70.58,179.38,144.96,0.17,0.41,Class 2: Sand to silty sand
7.7,6.65,24,12.52,0.19,19,146.3,75.54,70.76,174.88,142.07,0.19,0.42,Class 2: Sand to silty sand
7.72,6.5,25,12.34,0.2,19,146.68,75.73,70.95,171.82,140.07,0.2,0.43,Class 2: Sand to silty sand
7.74,6.4,24,12.29,0.19,19,147.06,75.93,71.13,170.64,139.22,0.19,0.42,Class 2: Sand to silty sand
7.76,6.45,20,12.28,0.17,19,147.44,76.13,71.31,170.17,138.74,0.17,0.42,Class 2: Sand to silty sand
7.78,6.45,17,12.3,0.14,19,147.82,76.32,71.5,169.94,138.44,0.15,0.41,Class 2: Sand to silty sand
7.8,6.4,16,12.33,0.14,19,148.2,76.52,71.68,169.94,138.6,0.14,0.41,Class 2: Sand to silty sand
7.82,6.5,19,12.36,0.13,19,148.58,76.71,71.87,169.94,138.64,0.13,0.41,Class 2: Sand to silty sand
7.84,6.5,13,12.34,0.12,19,148.96,76.91,72.05,169.25,138.24,0.13,0.41,Class 2: Sand to silty sand
7.86,6.3,14,12.23,0.11,19,149.34,77.11,72.23,167.18,136.66,0.11,0.4,Class 2: Sand to silty sand
7.88,6.1,14,12.12,0.12,19,149.72,77.3,72.42,165.34,135.49,0.12,0.41,Class 2: Sand to silty sand
7.9,6.15,14,12.16,0.11,19,150.1,77.5,72.6,165.35,135.59,0.11,0.4,Class 2: Sand to silty sand
7.92,6.35,11,12.3,0.09,19,150.48,77.7,72.78,166.97,136.9,0.1,0.4,Class 2: Sand to silty sand
7.94,6.5,10,12.5,0.08,19,150.86,77.89,72.97,169.26,138.76,0.08,0.39,Class 2: Sand to silty sand
7.96,6.7,10,12.67,0.08,19,151.24,78.09,73.15,171.09,140.37,0.08,0.39,Class 2: Sand to silty sand
7.98,6.8,11,12.73,0.08,19,151.62,78.28,73.34,171.54,140.91,0.08,0.39,Class 2: Sand to silty sand
8,6.65,9,12.65,0.08,19,152,78.48,73.52,169.95,139.86,0.08,0.39,Class 2: Sand to silty sand
8.02,6.4,9,12.45,0.07,19,152.38,78.68,73.7,166.78,137.55,0.07,0.39,Class 2: Sand to silty sand
8.04,6.15,9,12.13,0.07,19,152.76,78.87,73.89,162.06,134.02,0.07,0.4,Class 2: Sand to silty sand
8.06,5.65,7,11.94,0.07,19,153.14,79.07,74.07,159.15,131.92,0.07,0.4,Class 2: Sand to silty sand
8.08,5.8,8,11.91,0.06,19,153.52,79.26,74.26,158.28,131.42,0.07,0.4,Class 2: Sand to silty sand
8.1,6,8,12.09,0.07,19,153.9,79.46,74.44,160.33,133.23,0.07,0.4,Class 2: Sand to silty sand
8.12,6.15,8,12.32,0.06,19,154.28,79.66,74.62,163.03,135.56,0.07,0.4,Class 2: Sand to silty sand
8.14,6.45,8,12.57,0.06,19,154.66,79.85,74.81,165.94,138.06,0.06,0.39,Class 2: Sand to silty sand
8.16,6.7,8,12.75,0.06,19,155.04,80.05,74.99,167.95,139.85,0.06,0.39,Class 2: Sand to silty sand
8.18,6.65,7,12.83,0.05,19,155.42,80.25,75.17,168.62,140.59,0.06,0.39,Class 2: Sand to silty sand
8.2,6.65,6,12.85,0.05,19,155.8,80.44,75.36,168.41,140.63,0.05,0.39,Class 2: Sand to silty sand
8.22,6.7,7,12.9,0.05,19,156.18,80.64,75.54,168.63,141.02,0.05,0.39,Class 2: Sand to silty sand
8.24,6.75,7,12.91,0.05,19,156.56,80.83,75.73,168.42,141.05,0.05,0.39,Class 2: Sand to silty sand
8.26,6.65,6,12.81,0.05,19,156.94,81.03,75.91,166.66,139.84,0.05,0.39,Class 2: Sand to silty sand
8.28,6.35,7,12.57,0.06,19,157.32,81.23,76.09,163.17,137.22,0.06,0.4,Class 2: Sand to silty sand
8.3,6,11,12.27,0.09,19,157.7,81.42,76.28,158.82,134.05,0.09,0.4,Class 2: Sand to silty sand
8.32,5.7,14,11.97,0.12,19,158.08,81.62,76.46,154.48,131.05,0.12,0.42,Class 2: Sand to silty sand
8.34,5.4,18,11.74,0.13,19,158.46,81.82,76.64,151.04,128.52,0.13,0.42,Class 2: Sand to silty sand
8.36,5.25,13,11.43,0.13,19,158.84,82.01,76.83,146.75,125.17,0.13,0.43,Class 2: Sand to silty sand
8.38,4.75,12,11.18,0.1,19,159.22,82.21,77.01,143.13,122.17,0.11,0.42,Class 2: Sand to silty sand
8.4,4.6,10,10.85,0.08,19,159.6,82.4,77.2,138.44,118.34,0.08,0.42,Class 2: Sand to silty sand
8.42,4.2,5,10.58,0.07,19,159.98,82.6,77.38,134.64,115.3,0.07,0.42,Class 2: Sand to silty sand
8.44,3.9,6,10.29,0.06,19,160.36,82.8,77.56,130.64,112.17,0.06,0.43,Class 2: Sand to silty sand
8.46,3.7,6,10.14,0.05,19,160.74,82.99,77.75,128.38,110.47,0.05,0.43,Class 2: Sand to silty sand
8.48,3.7,3,10.16,0.04,19,161.12,83.19,77.93,128.26,110.61,0.04,0.44,Class 2: Sand to silty sand
8.5,3.9,3,10.29,0.03,19,161.5,83.39,78.12,129.64,112.13,0.03,0.44,Class 2: Sand to silty sand
8.52,4.05,3,10.54,0.03,19,161.88,83.58,78.3,132.5,114.68,0.03,0.44,Class 2: Sand to silty sand
8.54,4.4,3,10.82,0.02,19,162.26,83.78,78.48,135.78,117.72,0.03,0.44,Class 2: Sand to silty sand
8.56,4.7,2,11.15,0.02,19,162.64,83.97,78.67,139.67,121.34,0.02,0.44,Class 2: Sand to silty sand
8.58,5,2,11.43,0.02,19,163.02,84.17,78.85,142.91,124.05,0.02,0.44,Class 2: Sand to silty sand
8.6,5.2,4,11.7,0.03,19,163.4,84.37,79.03,145.93,126.37,0.03,0.42,Class 2: Sand to silty sand
8.62,5.45,5,11.98,0.06,19,163.78,84.56,79.22,149.14,128.89,0.06,0.41,Class 2: Sand to silty sand
8.64,5.8,11,12.28,0.06,19,164.16,84.76,79.4,152.55,131.9,0.06,0.4,Class 2: Sand to silty sand
8.66,6.05,6,12.69,0.06,19,164.54,84.95,79.59,157.4,136.12,0.06,0.4,Class 2: Sand to silty sand
8.68,6.65,7,13.14,0.06,19,164.92,85.15,79.77,162.66,140.68,0.06,0.39,Class 2: Sand to silty sand
8.7,7.1,12,13.59,0.08,19,165.3,85.35,79.95,167.89,145.27,0.08,0.39,Class 2: Sand to silty sand
8.72,7.35,12,13.92,0.08,19,165.68,85.54,80.14,171.64,148.65,0.08,0.39,Class 2: Sand to silty sand
8.74,7.6,11,13.97,0.08,19,166.06,85.74,80.32,171.84,148.99,0.08,0.39,Class 1: Gravelly sand to dense sand
8.76,7.2,10,13.83,0.07,19,166.44,85.94,80.5,169.77,147.42,0.07,0.39,Class 1: Gravelly sand to dense sand
8.78,6.9,9,13.42,0.07,19,166.82,86.13,80.69,164.19,142.93,0.07,0.39,Class 2: Sand to silty sand
8.78,1.6,22.7,1.6,1.44,19,166.82,86.13,80.69,17.71,17.31,1.61,0.9,Class 4: Clayey silt to silty clay
8.79,1.5,24.7,1.51,1.62,19,167.01,86.23,80.78,16.59,16.29,1.83,0.92,Class 4: Clayey silt to silty clay
8.8,6.3,8,12.96,0.06,19,167.2,86.33,80.87,158.23,138.1,0.06,0.4,Class 2: Sand to silty sand
8.8,1.42,26,1.43,1.8,19,167.2,86.33,80.87,15.66,15.43,2.04,0.94,Class 4: Clayey silt to silty clay
8.81,1.38,26.6,1.38,1.93,19,167.39,86.43,80.96,14.94,14.77,2.2,0.95,Class 4: Clayey silt to silty clay
8.82,5.8,7,12.41,0.06,19,167.58,86.52,81.06,151.06,132.24,0.06,0.4,Class 2: Sand to silty sand
8.82,1.33,27.1,1.34,2.01,19,167.58,86.52,81.06,14.5,14.36,2.29,0.96,Class 4: Clayey silt to silty clay
8.83,1.32,27.1,1.31,2.12,19,167.77,86.62,81.15,14.08,13.97,2.43,0.97,Class 4: Clayey silt to silty clay
8.84,5.2,6,11.88,0.05,19,167.96,86.72,81.24,144.13,126.55,0.05,0.41,Class 2: Sand to silty sand
8.84,1.28,29.2,1.28,2.28,19,167.96,86.72,81.24,13.66,13.6,2.63,0.98,Class 4: Clayey silt to silty clay
8.85,1.23,31.3,1.22,2.52,19,168.15,86.82,81.33,12.98,12.97,2.92,0.99,Class 4: Clayey silt to silty clay
8.86,4.65,6,11.43,0.06,19,168.34,86.92,81.42,138.25,121.72,0.06,0.42,Class 2: Sand to silty sand
8.86,1.16,31.9,1.16,2.73,19,168.34,86.92,81.42,12.2,12.2,3.19,1,Class 4: Clayey silt to silty clay
8.88,4.4,7,11.06,0.09,19,168.72,87.11,81.61,133.42,117.86,0.09,0.43,Class 2: Sand to silty sand
8.9,4.05,16,10.77,0.13,19,169.1,87.31,81.79,129.63,115.02,0.13,0.44,Class 2: Sand to silty sand
8.92,3.75,18,10.44,0.18,19,169.48,87.51,81.97,125.25,111.73,0.18,0.46,Class 2: Sand to silty sand
8.92,1.09,26.3,1.17,2.29,19,169.48,87.51,81.97,12.18,12.17,2.68,0.99,Class 4: Clayey silt to silty clay
8.93,1.32,26.3,1.34,1.93,19,169.67,87.6,82.07,14.26,14.13,2.21,0.96,Class 4: Clayey silt to silty clay
8.94,3.35,21,10.15,0.2,19,169.86,87.7,82.16,121.49,108.8,0.21,0.47,Class 2: Sand to silty sand
8.94,1.61,24.9,1.61,1.59,19,169.86,87.7,82.16,17.5,17.18,1.78,0.91,Class 4: Clayey silt to silty clay
8.96,3.15,23,9.97,0.23,19,170.24,87.9,82.34,118.97,106.91,0.24,0.48,Class 2: Sand to silty sand
8.98,3.15,26,9.97,0.27,19,170.62,88.09,82.53,118.68,106.97,0.27,0.49,Class 2: Sand to silty sand
9,3.3,31,9.9,0.29,19,171,88.29,82.71,117.59,106.26,0.3,0.5,Class 2: Sand to silty sand
9.02,2.9,30,9.93,0.3,19,171.38,88.49,82.89,117.7,106.53,0.31,0.5,Class 2: Sand to silty sand
9.04,3.2,29,9.79,0.3,19,171.76,88.68,83.08,115.81,104.97,0.3,0.5,Class 2: Sand to silty sand
9.06,2.85,29,9.74,0.29,19,172.14,88.88,83.26,114.93,104.28,0.3,0.5,Class 2: Sand to silty sand
9.08,2.7,28,9.61,0.29,19,172.52,89.07,83.45,113.06,102.74,0.3,0.51,Class 2: Sand to silty sand
9.1,2.75,28,9.62,0.3,19,172.9,89.27,83.63,112.98,102.8,0.3,0.51,Class 2: Sand to silty sand
9.12,2.85,30,9.7,0.31,19,173.28,89.47,83.81,113.71,103.58,0.31,0.51,Class 2: Sand to silty sand
9.14,2.9,31,9.82,0.31,19,173.66,89.66,84,114.82,104.71,0.32,0.51,Class 2: Sand to silty sand
9.16,3.05,31,9.92,0.31,19,174.04,89.86,84.18,115.74,105.62,0.31,0.51,Class 2: Sand to silty sand
9.18,3.1,30,9.98,0.31,19,174.42,90.06,84.36,116.25,106.18,0.31,0.51,Class 2: Sand to silty sand
9.2,3.05,31,9.98,0.3,19,174.8,90.25,84.55,115.97,106.02,0.31,0.5,Class 2: Sand to silty sand
9.22,3,29,9.96,0.3,19,175.18,90.45,84.73,115.5,105.7,0.3,0.5,Class 2: Sand to silty sand
9.24,3,29,9.98,0.29,19,175.56,90.64,84.92,115.42,105.72,0.3,0.5,Class 2: Sand to silty sand
9.26,3.05,30,10.03,0.3,19,175.94,90.84,85.1,115.74,106.15,0.31,0.5,Class 2: Sand to silty sand
9.28,3.1,32,10.09,0.31,19,176.32,91.04,85.28,116.24,106.76,0.32,0.51,Class 2: Sand to silty sand
10.54,7.69,-93.9,7.7,-1.22,19,200.26,92.61,107.65,69.66,69.66,-1.25,1,Class 1: Gravelly sand to dense sand
10.55,7.71,-22.4,7.72,-0.29,19,200.45,92.7,107.75,69.78,69.78,-0.3,1,Class 1: Gravelly sand to dense sand
12.5,2.09,22.1,2.09,1.06,19,237.5,122.63,114.88,16.15,16.36,1.19,0.9,Class 4: Clayey silt to silty clay
12.51,2.05,22.3,2.05,1.09,19,237.69,122.72,114.97,15.77,15.97,1.23,0.9,Class 4: Clayey silt to silty clay
12.52,2,22.6,2.01,1.12,19,237.88,122.82,115.06,15.37,15.54,1.27,0.91,Class 4: Clayey silt to silty clay
12.53,1.96,22.6,1.96,1.15,19,238.07,122.92,115.15,14.97,15.13,1.31,0.92,Class 4: Clayey silt to silty clay
12.54,1.92,22.6,1.93,1.17,19,238.26,123.02,115.24,14.71,14.86,1.33,0.92,Class 4: Clayey silt to silty clay
12.55,1.92,22.6,1.92,1.17,19,238.45,123.12,115.33,14.59,14.73,1.34,0.92,Class 4: Clayey silt to silty clay
12.56,3.55,86.4,3.56,2.43,19,238.64,112.42,126.22,26.32,26.85,2.6,0.91,Class 4: Clayey silt to silty clay
12.56,1.92,22.5,1.92,1.17,19,238.64,123.21,115.43,14.57,14.72,1.34,0.92,Class 4: Clayey silt to silty clay
12.57,3.39,83,3.41,2.44,19,238.83,112.52,126.31,25.08,25.55,2.62,0.92,Class 4: Clayey silt to silty clay
12.57,1.92,22.5,1.93,1.17,19,238.83,123.31,115.52,14.6,14.75,1.33,0.92,Class 4: Clayey silt to silty clay
12.58,3.23,82.4,3.24,2.54,19,239.02,112.62,126.4,23.74,24.12,2.75,0.93,Class 4: Clayey silt to silty clay
12.58,1.93,22.3,1.93,1.16,19,239.02,123.41,115.61,14.62,14.77,1.33,0.92,Class 4: Clayey silt to silty clay
12.59,3.07,82.5,3.08,2.68,19,239.21,112.72,126.49,22.47,22.76,2.9,0.94,Class 4: Clayey silt to silty clay
12.59,1.93,22.4,1.94,1.16,19,239.21,123.51,115.7,14.66,14.81,1.32,0.92,Class 4: Clayey silt to silty clay
12.6,2.91,82.6,2.93,2.82,19,239.4,112.82,126.59,21.23,21.44,3.07,0.96,Class 4: Clayey silt to silty clay
12.6,1.94,22.4,1.94,1.16,19,239.4,123.61,115.79,14.67,14.82,1.32,0.92,Class 4: Clayey silt to silty clay
12.61,2.9,81.9,2.91,2.81,19,239.59,112.91,126.68,21.11,21.32,3.06,0.96,Class 4: Clayey silt to silty clay
12.61,1.94,22.7,1.93,1.18,19,239.59,123.7,115.89,14.62,14.77,1.34,0.92,Class 4: Clayey silt to silty clay
12.62,2.9,81.3,2.92,2.79,19,239.78,113.01,126.77,21.1,21.32,3.04,0.95,Class 4: Clayey silt to silty clay
12.62,1.92,23.1,1.92,1.19,19,239.78,123.8,115.98,14.45,14.6,1.36,0.93,Class 4: Clayey silt to silty clay
12.63,2.9,79.3,2.93,2.71,19,239.97,113.11,126.86,21.17,21.4,2.95,0.95,Class 4: Clayey silt to silty clay
12.63,1.89,22.8,1.89,1.21,19,239.97,123.9,116.07,14.23,14.36,1.39,0.93,Class 4: Clayey silt to silty clay
12.64,3.17,77.6,3.2,2.43,19,240.16,113.21,126.95,23.28,23.67,2.63,0.93,Class 4: Clayey silt to silty clay
12.64,1.86,22.9,1.86,1.23,19,240.16,124,116.16,13.96,14.08,1.41,0.93,Class 4: Clayey silt to silty clay
12.65,3.29,75.9,3.32,2.29,19,240.35,113.31,127.04,24.2,24.67,2.47,0.91,Class 4: Clayey silt to silty clay
12.65,1.83,22.9,1.84,1.24,19,240.35,124.1,116.25,13.79,13.91,1.43,0.94,Class 4: Clayey silt to silty clay
12.66,1.83,22.9,1.83,1.25,19,240.54,124.19,116.35,13.69,13.81,1.44,0.94,Class 4: Clayey silt to silty clay
12.67,1.84,22.9,1.84,1.26,19,240.73,124.29,116.44,13.71,13.83,1.45,0.94,Class 4: Clayey silt to silty clay
12.68,1.84,23.6,1.85,1.26,19,240.92,124.39,116.53,13.83,13.95,1.45,0.94,Class 4: Clayey silt to silty clay
12.8,3,64.2,3.01,2.13,19,243.2,114.78,128.42,21.57,21.96,2.32,0.92,Class 4: Clayey silt to silty clay
12.81,2.71,69.8,2.73,2.56,19,243.39,114.88,128.51,19.35,19.54,2.81,0.96,Class 4: Clayey silt to silty clay
12.82,2.48,70.4,2.49,2.82,19,243.58,114.97,128.61,17.5,17.56,3.13,0.98,Class 4: Clayey silt to silty clay
12.83,2.24,69.7,2.26,3.08,19,243.77,115.07,128.7,15.68,15.68,3.45,1,Class 4: Clayey silt to silty clay
12.84,2,69,2.02,3.42,19,243.96,115.17,128.79,13.77,13.77,3.89,1,Class 5: Clay
12.85,1.62,67.6,1.64,4.13,19,244.15,115.27,128.88,10.82,10.82,4.85,1,Class 5: Clay
12.86,1.5,65.6,1.52,4.33,19,244.34,115.37,128.97,9.85,9.85,5.16,1,Class 5: Clay
12.87,1.41,65,1.43,4.54,19,244.53,115.46,129.07,9.19,9.19,5.48,1,Class 5: Clay
12.88,1.36,65.2,1.38,4.71,19,244.72,115.56,129.16,8.83,8.83,5.72,1,Class 5: Clay
12.89,1.33,64.2,1.35,4.75,19,244.91,115.66,129.25,8.56,8.56,5.8,1,Class 5: Clay
12.9,1.31,63.3,1.33,4.75,19,245.1,115.76,129.34,8.41,8.41,5.82,1,Class 5: Clay
12.91,1.29,62.4,1.32,4.74,19,245.29,115.86,129.43,8.27,8.27,5.83,1,Class 5: Clay
12.92,1.27,53.5,1.3,4.12,19,245.48,115.95,129.53,8.12,8.12,5.09,1,Class 5: Clay
12.93,1.26,49.3,1.29,3.82,19,245.67,116.05,129.62,8.06,8.06,4.72,1,Class 5: Clay
12.94,1.24,45.1,1.26,3.57,19,245.86,116.15,129.71,7.85,7.85,4.43,1,Class 5: Clay
12.95,1.23,39.6,1.26,3.14,19,246.05,116.25,129.8,7.83,7.83,3.89,1,Class 5: Clay
12.96,1.22,34.6,1.26,2.75,19,246.24,116.35,129.89,7.78,7.78,3.43,1,Class 5: Clay
12.97,1.21,28.6,1.25,2.3,19,246.43,116.44,129.99,7.69,7.69,2.86,1,Class 5: Clay
12.98,1.18,25.9,1.22,2.13,19,246.62,116.54,130.08,7.46,7.46,2.67,1,Class 5: Clay
12.99,1.17,24.1,1.21,1.99,19,246.81,116.64,130.17,7.41,7.41,2.5,1,Class 5: Clay
13,1.17,24.7,1.21,2.04,19,247,116.74,130.26,7.38,7.38,2.57,1,Class 5: Clay
13.01,1.18,24.7,1.22,2.02,19,247.19,116.84,130.35,7.47,7.47,2.54,1,Class 5: Clay
13.02,1.19,24.7,1.23,2,19,247.38,116.94,130.44,7.57,7.57,2.5,1,Class 5: Clay
13.03,1.21,25,1.26,1.99,19,247.57,117.03,130.54,7.72,7.72,2.48,1,Class 5: Clay
13.04,1.22,24.8,1.27,1.95,19,247.76,117.13,130.63,7.83,7.83,2.43,1,Class 5: Clay
13.05,1.22,24.6,1.27,1.94,19,247.95,117.23,130.72,7.8,7.8,2.41,1,Class 5: Clay
13.06,1.22,24.1,1.27,1.89,19,248.14,117.33,130.81,7.83,7.83,2.35,1,Class 5: Clay
13.07,1.21,24.2,1.25,1.93,19,248.33,117.43,130.9,7.69,7.69,2.4,1,Class 5: Clay
13.08,1.2,24.3,1.26,1.94,19,248.52,117.52,131,7.68,7.68,2.41,1,Class 5: Clay
13.09,1.21,25.1,1.26,1.99,19,248.71,117.62,131.09,7.74,7.74,2.47,1,Class 5: Clay
13.1,1.22,26.4,1.27,2.08,19,248.9,117.72,131.18,7.79,7.79,2.58,1,Class 5: Clay
13.11,1.24,26.6,1.3,2.05,19,249.09,117.82,131.27,8.01,8.01,2.53,1,Class 5: Clay
13.12,1.31,27.3,1.36,2,19,249.28,117.92,131.36,8.48,8.48,2.45,1,Class 5: Clay
13.13,1.33,27.9,1.39,2.01,19,249.47,118.01,131.46,8.67,8.67,2.45,1,Class 5: Clay
13.14,1.33,28.8,1.39,2.07,19,249.66,118.11,131.55,8.7,8.7,2.52,1,Class 5: Clay
13.15,1.33,29.2,1.39,2.11,19,249.85,118.21,131.64,8.64,8.64,2.57,1,Class 5: Clay
13.16,3.91,145.9,3.91,3.73,19,250.04,129.1,120.94,30.28,30.62,3.98,0.94,Class 4: Clayey silt to silty clay
13.16,1.35,31.2,1.41,2.21,19,250.04,118.31,131.73,8.83,8.83,2.68,1,Class 5: Clay
13.17,3.59,147.4,3.59,4.11,19,250.23,129.2,121.03,27.59,27.79,4.41,0.96,Class 4: Clayey silt to silty clay
13.17,1.38,31.9,1.44,2.22,19,250.23,118.41,131.82,9.02,9.02,2.68,1,Class 5: Clay
13.18,3.48,142.8,3.48,4.1,19,250.42,129.3,121.12,26.68,26.85,4.42,0.96,Class 4: Clayey silt to silty clay
13.18,1.41,34.7,1.48,2.35,19,250.42,118.5,131.92,9.32,9.32,2.82,1,Class 5: Clay
13.19,3.44,138.1,3.44,4.02,19,250.61,129.39,121.22,26.29,26.47,4.33,0.96,Class 4: Clayey silt to silty clay
13.19,1.49,33.6,1.56,2.16,19,250.61,118.6,132.01,9.91,9.91,2.57,1,Class 5: Clay
13.2,1.64,33.6,1.7,1.97,19,250.8,118.7,132.1,10.99,10.99,2.31,1,Class 4: Clayey silt to silty clay
13.2,3.44,132,3.44,3.84,19,250.8,129.49,121.31,26.26,26.46,4.14,0.96,Class 4: Clayey silt to silty clay
13.21,2.04,34.1,2.11,1.62,19,250.99,118.8,132.19,14.03,14.17,1.84,0.96,Class 4: Clayey silt to silty clay
13.21,3.75,125.6,3.75,3.35,19,250.99,129.59,121.4,28.86,29.23,3.58,0.93,Class 4: Clayey silt to silty clay
13.22,2.16,34.6,2.22,1.56,19,251.18,118.9,132.28,14.89,15.08,1.76,0.95,Class 4: Clayey silt to silty clay
13.23,2.17,33.6,2.23,1.51,19,251.37,119,132.37,14.96,15.17,1.7,0.95,Class 4: Clayey silt to silty clay
13.24,2.17,33.4,2.23,1.5,19,251.56,119.09,132.47,14.96,15.17,1.69,0.95,Class 4: Clayey silt to silty clay
13.25,2.13,34.4,2.19,1.57,19,251.75,119.19,132.56,14.63,14.8,1.77,0.96,Class 4: Clayey silt to silty clay
13.26,2.02,35.3,2.07,1.7,19,251.94,119.29,132.65,13.74,13.84,1.94,0.97,Class 4: Clayey silt to silty clay
13.27,1.88,41.6,1.93,2.16,19,252.13,119.39,132.74,12.64,12.64,2.48,1,Class 4: Clayey silt to silty clay
13.28,1.76,42.7,1.81,2.36,19,252.32,119.49,132.83,11.69,11.69,2.75,1,Class 4: Clayey silt to silty clay
13.29,1.64,44.7,1.69,2.64,19,252.51,119.58,132.93,10.84,10.84,3.1,1,Class 5: Clay
13.3,1.52,44.8,1.57,2.85,19,252.7,119.68,133.02,9.93,9.93,3.39,1,Class 5: Clay
13.31,1.44,44.8,1.49,3.01,19,252.89,119.78,133.11,9.29,9.29,3.62,1,Class 5: Clay
13.32,1.36,44.9,1.42,3.17,19,253.08,119.88,133.2,8.73,8.73,3.86,1,Class 5: Clay
13.33,1.29,49.1,1.34,3.67,19,253.27,119.98,133.29,8.14,8.14,4.53,1,Class 5: Clay
13.34,1.17,50.7,1.22,4.16,19,253.46,120.07,133.39,7.23,7.23,5.26,1,Class 5: Clay
13.35,1.14,51.5,1.19,4.32,19,253.65,120.17,133.48,7.04,7.04,5.48,1,Class 5: Clay
13.36,1.11,50,1.17,4.29,19,253.84,120.27,133.57,6.82,6.82,5.49,1,Class 5: Clay
13.37,1.09,48.4,1.15,4.2,19,254.03,120.37,133.66,6.72,6.72,5.39,1,Class 5: Clay
13.38,1.09,46.4,1.15,4.05,19,254.22,120.47,133.75,6.67,6.67,5.2,1,Class 5: Clay
13.39,1.06,45,1.12,4.02,19,254.41,120.56,133.85,6.47,6.47,5.2,1,Class 5: Clay
13.4,0.96,43.7,1.02,4.27,19,254.6,120.66,133.94,5.75,5.75,5.68,1,Class 5: Clay
13.41,0.92,41.5,0.99,4.2,19,254.79,120.76,134.03,5.46,5.46,5.67,1,Class 5: Clay
13.42,0.9,35.2,0.97,3.64,19,254.98,120.86,134.12,5.3,5.3,4.95,1,Class 5: Clay
13.43,0.88,32.9,0.95,3.45,19,255.17,120.96,134.21,5.2,5.2,4.71,1,Class 5: Clay
13.44,0.87,44.9,0.94,4.78,19,255.36,121.06,134.3,5.1,5.1,6.56,1,Class 5: Clay
13.45,4.38,139.7,4.38,3.19,19,255.55,131.94,123.61,33.35,33.98,3.39,0.91,Class 4: Clayey silt to silty clay
13.45,0.86,43,0.94,4.59,19,255.55,121.15,134.4,5.06,5.06,6.32,1,Class 5: Clay
13.46,4.18,129.9,4.18,3.1,19,255.74,132.04,123.7,31.76,32.34,3.31,0.91,Class 4: Clayey silt to silty clay
13.46,0.86,42.7,0.94,4.56,19,255.74,121.25,134.49,5.06,5.06,6.28,1,Class 5: Clay
13.47,4.03,130.1,4.03,3.23,19,255.93,132.14,123.79,30.52,31.01,3.44,0.92,Class 4: Clayey silt to silty clay
13.47,0.86,42.9,0.94,4.56,19,255.93,121.35,134.58,5.08,5.08,6.27,1,Class 5: Clay
13.48,3.93,122.9,3.93,3.12,19,256.12,132.24,123.88,29.68,30.17,3.34,0.92,Class 4: Clayey silt to silty clay
13.48,0.86,43.1,0.94,4.56,19,256.12,121.45,134.67,5.11,5.11,6.26,1,Class 5: Clay
13.49,3.93,115.9,3.93,2.95,19,256.31,132.34,123.97,29.61,30.13,3.16,0.91,Class 4: Clayey silt to silty clay
13.49,0.89,43.6,0.97,4.5,19,256.31,121.55,134.76,5.29,5.29,6.11,1,Class 5: Clay
13.5,3.93,108.9,3.93,2.77,19,256.5,132.44,124.07,29.58,30.14,2.97,0.91,Class 4: Clayey silt to silty clay
13.5,0.9,44.1,0.99,4.47,19,256.5,121.64,134.86,5.42,5.42,6.04,1,Class 5: Clay
13.51,0.93,44.6,1.02,4.39,19,256.69,121.74,134.95,5.62,5.62,5.88,1,Class 5: Clay
13.52,0.95,44.9,1.01,4.46,19,256.88,121.84,135.04,5.55,5.55,6,1,Class 5: Clay
13.53,1.41,45.1,1.44,3.13,19,257.07,121.94,135.13,8.78,8.78,3.8,1,Class 5: Clay
13.54,1.43,45,1.46,3.08,19,257.26,122.04,135.22,8.91,8.91,3.73,1,Class 5: Clay
13.55,1.53,45,1.56,2.89,19,257.45,122.13,135.32,9.59,9.59,3.47,1,Class 5: Clay
13.56,1.69,42.5,1.71,2.49,19,257.64,122.23,135.41,10.72,10.72,2.93,1,Class 5: Clay
13.57,2.17,41.7,2.19,1.9,19,257.83,122.33,135.5,14.28,14.38,2.15,0.98,Class 4: Clayey silt to silty clay
13.58,2.49,41.4,2.51,1.65,19,258.02,122.43,135.59,16.62,16.91,1.84,0.94,Class 4: Clayey silt to silty clay
13.59,2.83,40.8,2.85,1.43,19,258.21,122.53,135.68,19.09,19.62,1.57,0.91,Class 4: Clayey silt to silty clay
13.71,2.47,48.8,2.49,1.96,19,260.49,123.7,136.79,16.3,16.49,2.19,0.96,Class 4: Clayey silt to silty clay
13.72,2.22,51.1,2.24,2.28,19,260.68,123.8,136.88,14.45,14.48,2.58,1,Class 4: Clayey silt to silty clay
13.73,2,51.7,2.02,2.55,19,260.87,123.9,136.97,12.87,12.87,2.93,1,Class 4: Clayey silt to silty clay
13.74,1.78,51.6,1.8,2.87,19,261.06,124,137.06,11.23,11.23,3.35,1,Class 5: Clay
13.75,1.56,51.6,1.59,3.25,19,261.25,124.1,137.15,9.67,9.67,3.89,1,Class 5: Clay
13.76,1.33,51.6,1.36,3.8,19,261.44,124.19,137.25,7.98,7.98,4.71,1,Class 5: Clay
13.77,1.29,51.5,1.32,3.91,19,261.63,124.29,137.34,7.68,7.68,4.88,1,Class 5: Clay
13.78,1.26,51.4,1.29,3.97,19,261.82,124.39,137.43,7.51,7.51,4.98,1,Class 5: Clay
13.79,1.24,49.2,1.28,3.85,19,262.01,124.49,137.52,7.38,7.38,4.85,1,Class 5: Clay
13.8,1.24,45.4,1.27,3.57,19,262.2,124.59,137.61,7.34,7.34,4.49,1,Class 5: Clay
13.81,1.24,42,1.28,3.28,19,262.39,124.69,137.7,7.38,7.38,4.13,1,Class 5: Clay
13.82,1.24,40.4,1.28,3.15,19,262.58,124.78,137.8,7.4,7.4,3.96,1,Class 5: Clay
13.83,1.24,38.8,1.28,3.02,19,262.77,124.88,137.89,7.41,7.41,3.8,1,Class 5: Clay
13.84,1.23,38.2,1.27,3.01,19,262.96,124.98,137.98,7.3,7.3,3.79,1,Class 5: Clay
13.85,1.23,36.8,1.27,2.89,19,263.15,125.08,138.07,7.3,7.3,3.65,1,Class 5: Clay
13.86,1.22,34.8,1.26,2.76,19,263.34,125.18,138.16,7.22,7.22,3.49,1,Class 5: Clay
13.87,1.22,32.9,1.27,2.59,19,263.53,125.27,138.26,7.27,7.27,3.27,1,Class 5: Clay
13.88,1.2,30.7,1.25,2.46,19,263.72,125.37,138.35,7.1,7.1,3.12,1,Class 5: Clay
13.89,1.14,29.7,1.19,2.49,19,263.91,125.47,138.44,6.71,6.71,3.2,1,Class 5: Clay
13.9,1.02,29,1.07,2.71,19,264.1,125.57,138.53,5.81,5.81,3.6,1,Class 5: Clay
13.91,0.97,28.5,1.02,2.79,19,264.29,125.67,138.62,5.45,5.45,3.77,1,Class 5: Clay
13.92,0.95,28.2,1,2.82,19,264.48,125.76,138.72,5.29,5.29,3.84,1,Class 5: Clay
13.93,0.93,28.4,0.99,2.87,19,264.67,125.86,138.81,5.22,5.22,3.92,1,Class 5: Clay
13.94,0.92,27.9,0.98,2.85,19,264.86,125.96,138.9,5.14,5.14,3.91,1,Class 5: Clay
13.95,0.91,27.4,0.97,2.84,19,265.05,126.06,138.99,5.04,5.04,3.91,1,Class 5: Clay
13.96,0.91,26.7,0.97,2.76,19,265.24,126.16,139.08,5.05,5.05,3.8,1,Class 5: Clay
13.97,0.91,27.2,0.97,2.8,19,265.43,126.25,139.18,5.07,5.07,3.86,1,Class 5: Clay
13.98,0.91,26.5,0.97,2.72,19,265.62,126.35,139.27,5.08,5.08,3.74,1,Class 5: Clay
13.99,0.92,25.5,0.99,2.58,19,265.81,126.45,139.36,5.18,5.18,3.54,1,Class 5: Clay
14,0.92,24.4,0.99,2.46,19,266,126.55,139.45,5.2,5.2,3.37,1,Class 5: Clay
14.01,0.92,22.9,1,2.3,19,266.19,126.65,139.54,5.23,5.23,3.14,1,Class 5: Clay
14.02,0.92,21.4,1,2.14,19,266.38,126.75,139.63,5.24,5.24,2.93,1,Class 5: Clay
14.03,0.92,21.2,1,2.12,19,266.57,126.84,139.73,5.24,5.24,2.89,1,Class 5: Clay
14.04,0.92,20.7,1,2.07,19,266.76,126.94,139.82,5.23,5.23,2.83,1,Class 5: Clay
14.05,0.92,20.7,1,2.07,19,266.95,127.04,139.91,5.25,5.25,2.82,1,Class 5: Clay
14.06,0.92,20.7,1,2.06,19,267.14,127.14,140,5.26,5.26,2.81,1,Class 5: Clay
14.07,0.93,20.8,1.01,2.06,19,267.33,127.24,140.09,5.29,5.29,2.8,1,Class 5: Clay
14.08,0.94,21,1.02,2.06,19,267.52,127.33,140.19,5.38,5.38,2.78,1,Class 5: Clay
14.09,0.94,21.1,1.02,2.06,19,267.71,127.43,140.28,5.39,5.39,2.79,1,Class 5: Clay
14.1,0.94,21.2,1.02,2.07,19,267.9,127.53,140.37,5.39,5.39,2.8,1,Class 5: Clay
14.11,0.94,21.2,1.03,2.07,19,268.09,127.63,140.46,5.39,5.39,2.8,1,Class 5: Clay
14.12,0.94,21.1,1.03,2.06,19,268.28,127.73,140.55,5.39,5.39,2.79,1,Class 5: Clay
14.13,0.93,21.1,1.02,2.07,19,268.47,127.82,140.65,5.33,5.33,2.82,1,Class 5: Clay
14.14,0.91,21.1,1,2.1,19,268.66,127.92,140.74,5.22,5.22,2.87,1,Class 5: Clay
14.15,0.91,21.1,1,2.12,19,268.85,128.02,140.83,5.16,5.16,2.9,1,Class 5: Clay
14.16,0.9,20.8,0.99,2.11,19,269.04,128.12,140.92,5.08,5.08,2.9,1,Class 5: Clay
14.17,0.88,21,0.97,2.16,19,269.23,128.22,141.01,5,5,2.98,1,Class 5: Clay
14.18,0.88,20.7,0.97,2.14,19,269.42,128.31,141.11,4.95,4.95,2.97,1,Class 5: Clay
14.19,0.87,20.7,0.97,2.14,19,269.61,128.41,141.2,4.93,4.93,2.97,1,Class 5: Clay
14.2,0.87,20.4,0.97,2.11,19,269.8,128.51,141.29,4.95,4.95,2.92,1,Class 5: Clay
14.21,0.88,20.1,0.97,2.07,19,269.99,128.61,141.38,4.96,4.96,2.86,1,Class 5: Clay
14.22,0.88,20.3,0.98,2.07,19,270.18,128.71,141.47,5.02,5.02,2.86,1,Class 5: Clay
14.23,0.9,20.6,1,2.06,19,270.37,128.81,141.56,5.16,5.16,2.82,1,Class 5: Clay
14.24,0.91,21,1.01,2.07,19,270.56,128.9,141.66,5.25,5.25,2.83,1,Class 5: Clay
14.25,0.93,21.2,1.03,2.06,19,270.75,129,141.75,5.35,5.35,2.79,1,Class 5: Clay
14.26,0.94,21.2,1.04,2.04,19,270.94,129.1,141.84,5.43,5.43,2.75,1,Class 5: Clay
14.27,0.97,21.1,1.06,1.98,19,271.13,129.2,141.93,5.58,5.58,2.66,1,Class 5: Clay
14.28,0.97,21.1,1.07,1.97,19,271.32,129.3,142.02,5.62,5.62,2.65,1,Class 5: Clay
14.29,0.98,21.4,1.08,1.99,19,271.51,129.39,142.12,5.66,5.66,2.66,1,Class 5: Clay
14.3,0.99,21.8,1.08,2.01,19,271.7,129.49,142.21,5.7,5.7,2.69,1,Class 5: Clay
14.31,1,22.3,1.09,2.05,19,271.89,129.59,142.3,5.75,5.75,2.73,1,Class 5: Clay
14.32,1.02,22.5,1.11,2.02,19,272.08,129.69,142.39,5.9,5.9,2.68,1,Class 5: Clay
14.33,1.03,23,1.12,2.05,19,272.27,129.79,142.48,5.98,5.98,2.7,1,Class 5: Clay
14.34,4.35,147,4.35,3.38,19,272.46,140.68,131.78,30.93,31.54,3.61,0.93,Class 4: Clayey silt to silty clay
14.34,1.05,23,1.14,2.02,19,272.46,129.88,142.58,6.08,6.08,2.65,1,Class 5: Clay
14.35,4.02,146.6,4.02,3.64,19,272.65,140.77,131.88,28.44,28.84,3.91,0.95,Class 4: Clayey silt to silty clay
14.35,1.07,24,1.16,2.07,19,272.65,129.98,142.67,6.2,6.2,2.71,1,Class 5: Clay
14.36,3.78,143.2,3.78,3.79,19,272.84,140.87,131.97,26.57,26.85,4.08,0.96,Class 4: Clayey silt to silty clay
14.36,1.14,25.2,1.23,2.05,19,272.84,130.08,142.76,6.71,6.71,2.63,1,Class 5: Clay
14.37,3.56,135.5,3.56,3.81,19,273.03,140.97,132.06,24.89,25.1,4.12,0.97,Class 4: Clayey silt to silty clay
14.37,1.17,25.4,1.26,2.02,19,273.03,130.18,142.85,6.89,6.89,2.58,1,Class 5: Clay
14.38,3.27,129.2,3.27,3.96,19,273.22,141.07,132.15,22.65,22.73,4.32,0.99,Class 4: Clayey silt to silty clay
14.38,1.17,24.1,1.26,1.91,19,273.22,130.28,142.94,6.91,6.91,2.44,1,Class 5: Clay
14.39,3.17,122.5,3.17,3.86,19,273.41,141.17,132.24,21.9,21.97,4.23,0.99,Class 4: Clayey silt to silty clay
14.39,1.17,23.8,1.26,1.89,19,273.41,130.37,143.04,6.9,6.9,2.41,1,Class 5: Clay
14.4,3.08,106.9,3.08,3.47,19,273.6,141.26,132.34,21.21,21.31,3.81,0.98,Class 4: Clayey silt to silty clay
14.4,1.17,24.2,1.26,1.91,19,273.6,130.47,143.13,6.92,6.92,2.44,1,Class 5: Clay
14.41,3.05,105.6,3.05,3.47,19,273.79,141.36,132.43,20.95,21.04,3.81,0.98,Class 4: Clayey silt to silty clay
14.41,1.19,24.5,1.28,1.92,19,273.79,130.57,143.22,7,7,2.44,1,Class 5: Clay
14.42,3,99.2,3,3.31,19,273.98,141.46,132.52,20.58,20.69,3.64,0.98,Class 4: Clayey silt to silty clay
14.42,1.18,25.9,1.27,2.05,19,273.98,130.67,143.31,6.92,6.92,2.61,1,Class 5: Clay
14.43,2.89,92.6,2.89,3.2,19,274.17,141.56,132.61,19.74,19.83,3.54,0.98,Class 4: Clayey silt to silty clay
14.43,1.19,25,1.28,1.96,19,274.17,130.77,143.4,7,7,2.49,1,Class 5: Clay
14.44,2.85,97.9,2.85,3.44,19,274.36,141.66,132.7,19.39,19.42,3.81,0.99,Class 4: Clayey silt to silty clay
14.44,1.2,24.2,1.29,1.88,19,274.36,130.87,143.49,7.05,7.05,2.39,1,Class 5: Clay
14.45,2.92,75.7,2.92,2.6,19,274.55,141.75,132.8,19.89,20.11,2.87,0.96,Class 4: Clayey silt to silty clay
14.45,1.21,25.4,1.3,1.95,19,274.55,130.96,143.59,7.17,7.17,2.47,1,Class 5: Clay
14.46,2.98,69.4,2.98,2.33,19,274.74,141.85,132.89,20.39,20.7,2.56,0.94,Class 4: Clayey silt to silty clay
14.46,1.24,26.5,1.33,2,19,274.74,131.06,143.68,7.32,7.32,2.52,1,Class 5: Clay
14.47,3.12,65.3,3.12,2.09,19,274.93,141.95,132.98,21.42,21.85,2.29,0.93,Class 4: Clayey silt to silty clay
14.47,1.25,31.4,1.34,2.35,19,274.93,131.16,143.77,7.4,7.4,2.95,1,Class 5: Clay
14.48,3.25,62.6,3.25,1.93,19,275.12,142.05,133.07,22.37,22.92,2.1,0.91,Class 4: Clayey silt to silty clay
14.48,1.26,34.1,1.35,2.52,19,275.12,131.26,143.86,7.5,7.5,3.16,1,Class 5: Clay
14.49,1.3,36.9,1.39,2.65,19,275.31,131.36,143.95,7.75,7.75,3.31,1,Class 5: Clay
14.5,1.38,37.8,1.47,2.57,19,275.5,131.45,144.05,8.31,8.31,3.16,1,Class 5: Clay
14.51,3.04,50.3,3.04,1.66,19,275.69,142.34,133.35,20.71,21.23,1.82,0.91,Class 4: Clayey silt to silty clay
14.51,1.38,38.7,1.47,2.64,19,275.69,131.55,144.14,8.27,8.27,3.25,1,Class 5: Clay
14.52,1.35,42.9,1.44,2.98,19,275.88,131.65,144.23,8.07,8.07,3.69,1,Class 5: Clay
14.53,1.4,47.1,1.48,3.17,19,276.07,131.75,144.32,8.37,8.37,3.9,1,Class 5: Clay
14.54,1.45,47.8,1.53,3.13,19,276.26,131.85,144.41,8.67,8.67,3.82,1,Class 5: Clay
14.55,1.71,48.5,1.79,2.71,19,276.45,131.94,144.51,10.49,10.49,3.2,1,Class 5: Clay
14.56,1.81,54.1,1.89,2.86,19,276.64,132.04,144.6,11.19,11.19,3.34,1,Class 5: Clay
14.57,2.12,62.3,2.19,2.84,19,276.83,132.14,144.69,13.24,13.24,3.25,1,Class 4: Clayey silt to silty clay
14.58,2.31,67.4,2.37,2.84,19,277.02,132.24,144.78,14.48,14.48,3.21,1,Class 4: Clayey silt to silty clay
14.59,2.37,70.8,2.42,2.92,19,277.21,132.34,144.87,14.81,14.81,3.3,1,Class 4: Clayey silt to silty clay
14.6,2.91,67.5,2.91,2.32,19,277.4,143.23,134.17,19.66,19.94,2.56,0.95,Class 4: Clayey silt to silty clay
14.6,2.13,72.6,2.18,3.33,19,277.4,132.44,144.97,13.14,13.14,3.81,1,Class 5: Clay
14.61,2.64,67.6,2.64,2.56,19,277.59,143.32,134.27,17.61,17.73,2.86,0.98,Class 4: Clayey silt to silty clay
14.61,1.95,72.5,2,3.63,19,277.59,132.53,145.06,11.85,11.85,4.22,1,Class 5: Clay
14.62,2.4,67.2,2.4,2.8,19,277.78,143.42,134.36,15.78,15.78,3.17,1,Class 4: Clayey silt to silty clay
14.62,1.8,71.4,1.85,3.87,19,277.78,132.63,145.15,10.8,10.8,4.55,1,Class 5: Clay
14.63,2.17,66.8,2.17,3.08,19,277.97,143.52,134.45,14.04,14.04,3.54,1,Class 4: Clayey silt to silty clay
14.63,1.68,70.4,1.73,4.08,19,277.97,132.73,145.24,9.97,9.97,4.86,1,Class 5: Clay
14.64,1.56,67,1.61,4.17,19,278.16,132.83,145.33,9.14,9.14,5.05,1,Class 5: Clay
14.65,1.51,65.1,1.56,4.18,19,278.35,132.93,145.42,8.8,8.8,5.09,1,Class 5: Clay
14.66,1.45,64.8,1.5,4.31,19,278.54,133.02,145.52,8.42,8.42,5.29,1,Class 5: Clay
14.67,1.41,65.4,1.47,4.46,19,278.73,133.12,145.61,8.16,8.16,5.51,1,Class 5: Clay
14.68,1.39,66.1,1.44,4.59,19,278.92,133.22,145.7,7.97,7.97,5.69,1,Class 5: Clay
14.69,1.36,67.5,1.41,4.78,19,279.11,133.32,145.79,7.77,7.77,5.96,1,Class 5: Clay
14.7,1.31,67,1.37,4.88,19,279.3,133.42,145.88,7.49,7.49,6.13,1,Class 5: Clay
14.71,1.29,66.5,1.36,4.91,19,279.49,133.51,145.98,7.37,7.37,6.18,1,Class 5: Clay
14.72,1.26,58.9,1.32,4.47,19,279.68,133.61,146.07,7.11,7.11,5.67,1,Class 5: Clay
14.73,1.22,55.9,1.28,4.36,19,279.87,133.71,146.16,6.85,6.85,5.58,1,Class 5: Clay
14.74,1.14,52.9,1.2,4.4,19,280.06,133.81,146.25,6.3,6.3,5.74,1,Class 5: Clay
14.75,1.12,49,1.19,4.11,19,280.25,133.91,146.34,6.24,6.24,5.37,1,Class 5: Clay
14.76,1.12,44.1,1.19,3.7,19,280.44,134,146.44,6.23,6.23,4.84,1,Class 5: Clay
14.77,1.12,44.7,1.19,3.75,19,280.63,134.1,146.53,6.22,6.22,4.9,1,Class 5: Clay
14.78,1.12,43.1,1.2,3.6,19,280.82,134.2,146.62,6.24,6.24,4.71,1,Class 5: Clay
14.79,1.11,42.1,1.19,3.53,19,281.01,134.3,146.71,6.21,6.21,4.62,1,Class 5: Clay
14.8,1.11,40.7,1.2,3.38,19,281.2,134.4,146.8,6.28,6.28,4.42,1,Class 5: Clay
14.81,1.12,41.3,1.21,3.41,19,281.39,134.5,146.89,6.33,6.33,4.44,1,Class 5: Clay
14.82,1.18,39.2,1.28,3.07,19,281.58,134.59,146.99,6.76,6.76,3.94,1,Class 5: Clay
14.83,1.27,37,1.37,2.71,19,281.77,134.69,147.08,7.37,7.37,3.41,1,Class 5: Clay
14.84,1.31,37,1.41,2.63,19,281.96,134.79,147.17,7.65,7.65,3.29,1,Class 5: Clay
14.85,1.34,35.4,1.44,2.46,19,282.15,134.89,147.26,7.86,7.86,3.06,1,Class 5: Clay
14.86,1.36,35,1.46,2.39,19,282.34,134.99,147.35,8.02,8.02,2.96,1,Class 5: Clay
14.87,1.41,35,1.5,2.33,19,282.53,135.08,147.45,8.28,8.28,2.87,1,Class 5: Clay
14.88,1.37,35,1.46,2.39,19,282.72,135.18,147.54,7.99,7.99,2.97,1,Class 5: Clay
14.89,1.29,34.9,1.37,2.54,19,282.91,135.28,147.63,7.38,7.38,3.2,1,Class 5: Clay
14.9,1.21,35.1,1.29,2.71,19,283.1,135.38,147.72,6.85,6.85,3.47,1,Class 5: Clay
14.91,1.15,35.1,1.24,2.84,19,283.29,135.48,147.81,6.46,6.46,3.68,1,Class 5: Clay
14.92,1.1,35.1,1.19,2.95,19,283.48,135.57,147.91,6.12,6.12,3.88,1,Class 5: Clay
14.93,1.09,34.3,1.18,2.91,19,283.67,135.67,148,6.04,6.04,3.84,1,Class 5: Clay
14.94,1.7,33.4,1.7,1.97,19,283.86,146.56,137.3,10.31,10.31,2.36,1,Class 4: Clayey silt to silty clay
14.94,1.05,34,1.15,2.97,19,283.86,135.77,148.09,5.83,5.83,3.94,1,Class 5: Clay
14.95,1.74,34.7,1.74,2,19,284.05,146.66,137.39,10.59,10.59,2.39,1,Class 4: Clayey silt to silty clay
14.95,1.05,34,1.14,2.98,19,284.05,135.87,148.18,5.78,5.78,3.97,1,Class 5: Clay
14.96,1.84,36,1.84,1.95,19,284.24,146.76,137.48,11.34,11.34,2.31,1,Class 4: Clayey silt to silty clay
14.96,1.04,34.2,1.14,3.01,19,284.24,135.97,148.27,5.75,5.75,4.01,1,Class 5: Clay
14.97,2.01,36.9,2.01,1.84,19,284.43,146.86,137.57,12.53,12.54,2.14,1,Class 4: Clayey silt to silty clay
14.97,1.03,34.4,1.13,3.05,19,284.43,136.06,148.37,5.7,5.7,4.07,1,Class 5: Clay
14.98,2.43,38.1,2.43,1.57,19,284.62,146.95,137.67,15.59,15.84,1.78,0.95,Class 4: Clayey silt to silty clay
14.98,1.02,33.1,1.12,2.97,19,284.62,136.16,148.46,5.6,5.6,3.98,1,Class 5: Clay
14.99,2.64,38.6,2.64,1.46,19,284.81,147.05,137.76,17.06,17.44,1.64,0.93,Class 4: Clayey silt to silty clay
14.99,1.02,31.8,1.12,2.84,19,284.81,136.26,148.55,5.63,5.63,3.8,1,Class 5: Clay
15,1.02,31.1,1.12,2.77,19,285,136.36,148.64,5.65,5.65,3.71,1,Class 5: Clay
15.01,1.04,31.8,1.15,2.77,19,285.19,136.46,148.73,5.8,5.8,3.68,1,Class 5: Clay
15.02,1.11,32.5,1.22,2.67,19,285.38,136.56,148.82,6.28,6.28,3.48,1,Class 5: Clay
15.03,1.15,35.6,1.26,2.83,19,285.57,136.65,148.92,6.52,6.52,3.66,1,Class 5: Clay
15.04,1.17,36.6,1.28,2.86,19,285.76,136.75,149.01,6.68,6.68,3.68,1,Class 5: Clay
15.05,1.19,36.8,1.3,2.82,19,285.95,136.85,149.1,6.82,6.82,3.62,1,Class 5: Clay
15.06,1.24,36.5,1.35,2.71,19,286.14,136.95,149.19,7.12,7.12,3.43,1,Class 5: Clay
15.07,1.24,36.3,1.33,2.73,19,286.33,137.05,149.28,7,7,3.47,1,Class 5: Clay
15.08,1.2,35.3,1.29,2.74,19,286.52,137.14,149.38,6.7,6.7,3.53,1,Class 5: Clay
15.09,1.16,35.1,1.24,2.82,19,286.71,137.24,149.47,6.41,6.41,3.67,1,Class 5: Clay
15.1,2.91,43.7,2.91,1.5,19,286.9,148.13,138.77,18.91,19.43,1.67,0.91,Class 4: Clayey silt to silty clay
15.1,1.11,35.4,1.2,2.94,19,286.9,137.34,149.56,6.12,6.12,3.87,1,Class 5: Clay
15.11,2.74,44.4,2.74,1.62,19,287.09,148.23,138.86,17.68,18.07,1.81,0.93,Class 4: Clayey silt to silty clay
15.11,1.07,35.3,1.16,3.03,19,287.09,137.44,149.65,5.87,5.87,4.02,1,Class 5: Clay
15.12,2.53,45.1,2.53,1.78,19,287.28,148.33,138.95,16.15,16.38,2.01,0.96,Class 4: Clayey silt to silty clay
15.12,1.06,35.3,1.16,3.05,19,287.28,137.54,149.74,5.81,5.81,4.06,1,Class 5: Clay
15.13,2.09,49.7,2.09,2.37,19,287.47,148.43,139.04,12.99,12.99,2.75,1,Class 4: Clayey silt to silty clay
15.13,1.04,35,1.14,3.06,19,287.47,137.63,149.84,5.72,5.72,4.08,1,Class 5: Clay
15.14,1.05,34.8,1.16,3.01,19,287.66,137.73,149.93,5.8,5.8,4,1,Class 5: Clay
15.15,1.06,32.7,1.17,2.8,19,287.85,137.83,150.02,5.87,5.87,3.71,1,Class 5: Clay
15.16,1.09,29.4,1.19,2.46,19,288.04,137.93,150.11,6.03,6.03,3.25,1,Class 5: Clay
15.17,1.18,29.7,1.29,2.3,19,288.23,138.03,150.2,6.66,6.66,2.97,1,Class 5: Clay
15.18,1.28,30,1.4,2.15,19,288.42,138.12,150.3,7.36,7.36,2.71,1,Class 5: Clay
15.19,1.4,32,1.51,2.12,19,288.61,138.22,150.39,8.11,8.11,2.62,1,Class 5: Clay
15.2,1.5,34,1.62,2.1,19,288.8,138.32,150.48,8.83,8.83,2.56,1,Class 5: Clay
15.21,1.66,36,1.77,2.03,19,288.99,138.42,150.57,9.83,9.83,2.43,1,Class 5: Clay
15.22,1.71,37.2,1.8,2.07,19,289.18,138.52,150.66,10.01,10.01,2.47,1,Class 5: Clay
15.23,1.72,38.3,1.79,2.13,19,289.37,138.62,150.75,9.98,9.98,2.55,1,Class 5: Clay
15.24,1.66,38.3,1.74,2.21,19,289.56,138.71,150.85,9.59,9.59,2.65,1,Class 5: Clay
15.25,1.43,39.1,1.5,2.6,19,289.75,138.81,150.94,8.03,8.03,3.23,1,Class 5: Clay
15.26,1.33,40.1,1.4,2.87,19,289.94,138.91,151.03,7.33,7.33,3.62,1,Class 5: Clay
15.27,1.24,41.1,1.32,3.12,19,290.13,139.01,151.12,6.79,6.79,4.01,1,Class 5: Clay
15.28,1.23,41.6,1.3,3.2,19,290.32,139.11,151.21,6.67,6.67,4.12,1,Class 5: Clay
15.29,1.21,43.2,1.29,3.36,19,290.51,139.2,151.31,6.58,6.58,4.34,1,Class 5: Clay
15.3,1.21,44.1,1.29,3.42,19,290.7,139.3,151.4,6.6,6.6,4.41,1,Class 5: Clay
15.31,1.21,44.9,1.29,3.48,19,290.89,139.4,151.49,6.61,6.61,4.49,1,Class 5: Clay
15.32,1.19,45.1,1.28,3.52,19,291.08,139.5,151.58,6.54,6.54,4.55,1,Class 5: Clay
15.33,1.19,45.1,1.28,3.53,19,291.27,139.6,151.67,6.5,6.5,4.58,1,Class 5: Clay
15.34,1.65,30.8,1.65,1.86,19,291.46,150.49,140.97,9.66,9.66,2.26,1,Class 4: Clayey silt to silty clay
15.34,1.19,45,1.28,3.52,19,291.46,139.69,151.77,6.5,6.5,4.56,1,Class 5: Clay
15.35,1.86,31.1,1.86,1.67,19,291.65,150.58,141.07,11.1,11.1,1.99,1,Class 4: Clayey silt to silty clay
15.35,1.16,43.5,1.25,3.47,19,291.65,139.79,151.86,6.34,6.34,4.52,1,Class 5: Clay
15.36,2.29,31.8,2.29,1.39,19,291.84,150.68,141.16,14.19,14.41,1.59,0.95,Class 4: Clayey silt to silty clay
15.36,1.16,38.2,1.25,3.05,19,291.84,139.89,151.95,6.31,6.31,3.98,1,Class 5: Clay
15.37,2.46,31.8,2.46,1.29,19,292.03,150.78,141.25,15.35,15.68,1.47,0.93,Class 4: Clayey silt to silty clay
15.37,1.22,36.1,1.31,2.75,19,292.03,139.99,152.04,6.7,6.7,3.54,1,Class 5: Clay
15.38,2.56,31.8,2.56,1.24,19,292.22,150.88,141.34,16.04,16.45,1.4,0.92,Class 4: Clayey silt to silty clay
15.38,1.28,35.7,1.37,2.6,19,292.22,140.09,152.13,7.09,7.09,3.31,1,Class 5: Clay
15.39,2.61,31.9,2.61,1.22,19,292.41,150.98,141.43,16.41,16.86,1.37,0.92,Class 4: Clayey silt to silty clay
15.39,1.29,36.1,1.39,2.6,19,292.41,140.18,152.23,7.22,7.22,3.29,1,Class 5: Clay
15.4,2.66,31.9,2.66,1.2,19,292.6,151.07,141.53,16.73,17.22,1.35,0.91,Class 4: Clayey silt to silty clay
15.4,1.28,36.4,1.38,2.64,19,292.6,140.28,152.32,7.11,7.11,3.36,1,Class 5: Clay
15.41,2.67,32,2.67,1.2,19,292.79,151.17,141.62,16.77,17.26,1.35,0.91,Class 4: Clayey silt to silty clay
15.41,1.29,36,1.38,2.61,19,292.79,140.38,152.41,7.14,7.14,3.31,1,Class 5: Clay
15.42,2.66,34.1,2.66,1.28,19,292.98,151.27,141.71,16.68,17.13,1.44,0.92,Class 4: Clayey silt to silty clay
15.42,1.29,35.5,1.39,2.56,19,292.98,140.48,152.5,7.16,7.16,3.25,1,Class 5: Clay
15.43,2.61,36.2,2.61,1.39,19,293.17,151.37,141.8,16.31,16.69,1.56,0.93,Class 4: Clayey silt to silty clay
15.43,1.33,35.2,1.42,2.47,19,293.17,140.58,152.59,7.4,7.4,3.12,1,Class 5: Clay
15.44,2.51,36.1,2.51,1.44,19,293.36,151.47,141.89,15.62,15.93,1.63,0.94,Class 4: Clayey silt to silty clay
15.44,1.34,37.2,1.42,2.61,19,293.36,140.68,152.68,7.41,7.41,3.29,1,Class 5: Clay
15.45,2.3,36.3,2.3,1.58,19,293.55,151.56,141.99,14.14,14.31,1.81,0.97,Class 4: Clayey silt to silty clay
15.45,1.34,39.3,1.43,2.76,19,293.55,140.77,152.78,7.41,7.41,3.47,1,Class 5: Clay
15.46,2.32,36.4,2.32,1.57,19,293.74,151.66,142.08,14.29,14.46,1.79,0.96,Class 4: Clayey silt to silty clay
15.46,1.36,40.8,1.44,2.83,19,293.74,140.87,152.87,7.52,7.52,3.55,1,Class 5: Clay
15.47,2.35,36.7,2.35,1.56,19,293.93,151.76,142.17,14.43,14.62,1.79,0.96,Class 4: Clayey silt to silty clay
15.47,1.44,42.4,1.52,2.79,19,293.93,140.97,152.96,8.03,8.03,3.45,1,Class 5: Clay
15.48,2.42,37.1,2.42,1.53,19,294.12,151.86,142.26,14.98,15.21,1.74,0.95,Class 4: Clayey silt to silty clay
15.48,1.54,43.1,1.62,2.66,19,294.12,141.07,153.05,8.66,8.66,3.25,1,Class 5: Clay
15.49,2.59,38.8,2.59,1.5,19,294.31,151.96,142.35,16.09,16.42,1.69,0.94,Class 4: Clayey silt to silty clay
15.49,1.57,44.6,1.66,2.69,19,294.31,141.17,153.14,8.91,8.91,3.27,1,Class 5: Clay
15.5,1.57,47.4,1.65,2.87,19,294.5,141.26,153.24,8.84,8.84,3.5,1,Class 5: Clay
15.51,1.54,47.4,1.61,2.94,19,294.69,141.36,153.33,8.58,8.58,3.6,1,Class 5: Clay
15.52,1.47,47.3,1.55,3.06,19,294.88,141.46,153.42,8.16,8.16,3.78,1,Class 5: Clay
15.53,1.46,47.2,1.53,3.08,19,295.07,141.56,153.51,8.05,8.05,3.82,1,Class 5: Clay
15.54,1.44,41.5,1.51,2.75,19,295.26,141.66,153.6,7.92,7.92,3.41,1,Class 5: Clay
15.55,1.43,40.6,1.5,2.7,19,295.45,141.75,153.7,7.86,7.86,3.36,1,Class 5: Clay
15.56,1.43,39.7,1.5,2.65,19,295.64,141.85,153.79,7.83,7.83,3.3,1,Class 5: Clay
15.57,1.41,40,1.49,2.69,19,295.83,141.95,153.88,7.73,7.73,3.36,1,Class 5: Clay
15.58,1.4,39.8,1.47,2.7,19,296.02,142.05,153.97,7.66,7.66,3.38,1,Class 5: Clay
15.59,2.95,62.9,2.95,2.13,19,296.21,152.94,143.27,18.5,18.79,2.37,0.95,Class 4: Clayey silt to silty clay
15.59,1.39,39.9,1.47,2.72,19,296.21,142.15,154.06,7.6,7.6,3.41,1,Class 5: Clay
15.6,2.65,64.4,2.65,2.43,19,296.4,153.04,143.36,16.39,16.47,2.74,0.99,Class 4: Clayey silt to silty clay
15.6,1.39,39.9,1.47,2.72,19,296.4,142.25,154.16,7.6,7.6,3.41,1,Class 5: Clay
15.61,2.4,64.6,2.4,2.69,19,296.59,153.13,143.46,14.68,14.68,3.07,1,Class 4: Clayey silt to silty clay
15.61,1.44,40.7,1.51,2.69,19,296.59,142.34,154.25,7.9,7.9,3.34,1,Class 5: Clay
15.62,2.16,64.6,2.16,2.99,19,296.78,153.23,143.55,12.99,12.99,3.46,1,Class 4: Clayey silt to silty clay
15.62,1.48,40.6,1.56,2.61,19,296.78,142.44,154.34,8.17,8.17,3.22,1,Class 5: Clay
15.63,1.5,41.1,1.57,2.62,19,296.97,142.54,154.43,8.22,8.22,3.24,1,Class 5: Clay
15.64,1.5,41.3,1.57,2.64,19,297.16,142.64,154.52,8.21,8.21,3.26,1,Class 5: Clay
15.65,1.5,42.1,1.57,2.68,19,297.35,142.74,154.61,8.23,8.23,3.31,1,Class 5: Clay
15.66,1.51,42.6,1.58,2.7,19,297.54,142.83,154.71,8.29,8.29,3.32,1,Class 5: Clay
15.67,1.52,43.2,1.58,2.73,19,297.73,142.93,154.8,8.31,8.31,3.36,1,Class 5: Clay
15.68,1.52,43.7,1.58,2.76,19,297.92,143.03,154.89,8.31,8.31,3.4,1,Class 5: Clay
15.69,1.52,44.2,1.59,2.78,19,298.11,143.13,154.98,8.34,8.34,3.42,1,Class 5: Clay
15.7,1.53,44.6,1.6,2.79,19,298.3,143.23,155.07,8.37,8.37,3.44,1,Class 5: Clay
15.71,1.54,44.9,1.6,2.8,19,298.49,143.32,155.17,8.41,8.41,3.44,1,Class 5: Clay
15.72,1.53,44.8,1.6,2.8,19,298.68,143.42,155.26,8.38,8.38,3.44,1,Class 5: Clay
15.73,1.52,45.1,1.59,2.84,19,298.87,143.52,155.35,8.3,8.3,3.5,1,Class 5: Clay
15.74,1.5,45.8,1.57,2.91,19,299.06,143.62,155.44,8.2,8.2,3.6,1,Class 5: Clay
15.75,1.5,45.8,1.57,2.91,19,299.25,143.72,155.53,8.18,8.18,3.6,1,Class 5: Clay
15.76,1.51,45.8,1.57,2.91,19,299.44,143.81,155.63,8.19,8.19,3.59,1,Class 5: Clay
15.77,1.51,46.1,1.58,2.92,19,299.63,143.91,155.72,8.21,8.21,3.61,1,Class 5: Clay
15.78,1.52,46.1,1.59,2.91,19,299.82,144.01,155.81,8.25,8.25,3.58,1,Class 5: Clay
15.79,1.53,46.6,1.6,2.92,19,300.01,144.11,155.9,8.33,8.33,3.59,1,Class 5: Clay
15.8,1.54,46.6,1.61,2.9,19,300.2,144.21,155.99,8.37,8.37,3.57,1,Class 5: Clay
15.81,1.54,46.9,1.61,2.91,19,300.39,144.31,156.08,8.42,8.42,3.57,1,Class 5: Clay
15.82,1.54,47,1.61,2.91,19,300.58,144.4,156.18,8.41,8.41,3.58,1,Class 5: Clay
15.83,1.54,47.2,1.61,2.93,19,300.77,144.5,156.27,8.38,8.38,3.61,1,Class 5: Clay
15.84,1.53,47.2,1.6,2.95,19,300.96,144.6,156.36,8.32,8.32,3.63,1,Class 5: Clay
15.85,1.52,47.1,1.59,2.96,19,301.15,144.7,156.45,8.24,8.24,3.65,1,Class 5: Clay
15.86,1.52,46.6,1.59,2.94,19,301.34,144.8,156.54,8.21,8.21,3.63,1,Class 5: Clay
15.87,1.51,46.7,1.58,2.96,19,301.53,144.89,156.64,8.15,8.15,3.66,1,Class 5: Clay
15.88,1.5,45.7,1.57,2.9,19,301.72,144.99,156.73,8.12,8.12,3.59,1,Class 5: Clay
15.89,1.48,45.4,1.56,2.92,19,301.91,145.09,156.82,7.99,7.99,3.62,1,Class 5: Clay
15.9,1.47,44.9,1.54,2.92,19,302.1,145.19,156.91,7.89,7.89,3.63,1,Class 5: Clay
15.91,1.45,44.9,1.52,2.96,19,302.29,145.29,157,7.74,7.74,3.7,1,Class 5: Clay
15.92,1.43,44.6,1.5,2.98,19,302.48,145.38,157.1,7.61,7.61,3.73,1,Class 5: Clay
15.93,1.41,44.2,1.49,2.97,19,302.67,145.48,157.19,7.54,7.54,3.73,1,Class 5: Clay
15.94,1.4,44.2,1.47,3.01,19,302.86,145.58,157.28,7.41,7.41,3.79,1,Class 5: Clay
15.95,1.4,43.7,1.47,2.98,19,303.05,145.68,157.37,7.4,7.4,3.75,1,Class 5: Clay
15.96,1.4,43.2,1.47,2.93,19,303.24,145.78,157.46,7.44,7.44,3.69,1,Class 5: Clay
15.97,1.41,42.7,1.48,2.88,19,303.43,145.87,157.56,7.48,7.48,3.63,1,Class 5: Clay
15.98,1.4,42.8,1.48,2.9,19,303.62,145.97,157.65,7.45,7.45,3.64,1,Class 5: Clay
15.99,1.4,42.7,1.48,2.89,19,303.81,146.07,157.74,7.43,7.43,3.64,1,Class 5: Clay
16,1.4,42.7,1.47,2.9,19,304,146.17,157.83,7.41,7.41,3.65,1,Class 5: Clay
16.01,1.4,42.3,1.48,2.87,19,304.19,146.27,157.92,7.41,7.41,3.61,1,Class 5: Clay
16.02,1.4,41.9,1.48,2.84,19,304.38,146.37,158.01,7.41,7.41,3.58,1,Class 5: Clay
16.03,1.4,41.1,1.48,2.78,19,304.57,146.46,158.11,7.43,7.43,3.5,1,Class 5: Clay
16.04,1.41,40.1,1.49,2.7,19,304.76,146.56,158.2,7.48,7.48,3.39,1,Class 5: Clay
16.05,1.43,39.8,1.5,2.65,19,304.95,146.66,158.29,7.58,7.58,3.32,1,Class 5: Clay
16.06,1.43,39.6,1.51,2.63,19,305.14,146.76,158.38,7.6,7.6,3.29,1,Class 5: Clay
16.07,1.41,39.7,1.48,2.68,19,305.33,146.86,158.47,7.44,7.44,3.37,1,Class 5: Clay
16.08,1.29,38,1.36,2.79,19,305.52,146.95,158.57,6.68,6.68,3.59,1,Class 5: Clay
16.09,1.22,35.9,1.3,2.76,19,305.71,147.05,158.66,6.28,6.28,3.6,1,Class 5: Clay
16.1,1.16,34.2,1.24,2.76,19,305.9,147.15,158.75,5.89,5.89,3.66,1,Class 5: Clay
16.11,1.1,30.2,1.18,2.56,19,306.09,147.25,158.84,5.49,5.49,3.46,1,Class 5: Clay
16.12,0.96,28.7,1.03,2.77,19,306.28,147.35,158.93,4.58,4.58,3.94,1,Class 5: Clay
16.13,0.9,27.1,0.98,2.77,19,306.47,147.44,159.03,4.22,4.22,4.04,1,Class 5: Clay
16.14,0.86,26,0.94,2.77,19,306.66,147.54,159.12,3.98,3.98,4.11,1,Class 5: Clay
16.15,0.85,24.9,0.93,2.69,19,306.85,147.64,159.21,3.9,3.9,4.01,1,Class 5: Clay
16.16,0.83,24.4,0.92,2.66,19,307.04,147.74,159.3,3.84,3.84,3.99,1,Class 5: Clay
16.17,0.83,24.2,0.92,2.64,19,307.23,147.84,159.39,3.82,3.82,3.98,1,Class 5: Clay
16.18,0.83,18.9,0.92,2.05,19,307.42,147.93,159.49,3.85,3.85,3.08,1,Class 5: Clay
16.19,0.83,21.1,0.92,2.28,19,307.61,148.03,159.58,3.87,3.87,3.42,1,Class 5: Clay
16.2,0.86,23.4,0.95,2.45,19,307.8,148.13,159.67,4.05,4.05,3.62,1,Class 5: Clay
16.21,0.96,24,1.06,2.27,19,307.99,148.23,159.76,4.68,4.68,3.21,1,Class 5: Clay
16.22,1.03,24,1.13,2.13,19,308.18,148.33,159.85,5.13,5.13,2.93,1,Class 5: Clay
16.23,1.11,24,1.21,1.98,19,308.37,148.43,159.94,5.66,5.66,2.65,1,Class 5: Clay
16.24,1.21,23.7,1.31,1.82,19,308.56,148.52,160.04,6.23,6.23,2.38,1,Class 5: Clay
16.25,1.49,23.5,1.59,1.48,19,308.75,148.62,160.13,8,8,1.83,1,Class 5: Clay
16.26,1.64,23.6,1.73,1.37,19,308.94,148.72,160.22,8.86,8.86,1.66,1,Class 4: Clayey silt to silty clay
16.27,1.76,23.6,1.85,1.28,19,309.13,148.82,160.31,9.6,9.6,1.53,1,Class 4: Clayey silt to silty clay
16.28,1.89,24,1.97,1.22,19,309.32,148.92,160.4,10.34,10.34,1.45,1,Class 4: Clayey silt to silty clay
16.29,1.97,24.4,2.04,1.19,19,309.51,149.01,160.5,10.81,10.84,1.41,0.99,Class 4: Clayey silt to silty clay
16.3,1.98,24.3,2.05,1.18,19,309.7,149.11,160.59,10.85,10.89,1.39,0.99,Class 4: Clayey silt to silty clay
16.31,1.78,24.8,1.85,1.34,19,309.89,149.21,160.68,9.59,9.59,1.61,1,Class 4: Clayey silt to silty clay
16.32,1.64,24.9,1.7,1.46,19,310.08,149.31,160.77,8.66,8.66,1.79,1,Class 4: Clayey silt to silty clay
16.33,1.47,25,1.54,1.63,19,310.27,149.41,160.86,7.62,7.62,2.04,1,Class 5: Clay
16.34,1.31,25,1.37,1.82,19,310.46,149.5,160.96,6.61,6.61,2.35,1,Class 5: Clay
16.35,1.22,27.4,1.29,2.12,19,310.65,149.6,161.05,6.08,6.08,2.8,1,Class 5: Clay
16.36,1.19,28.3,1.26,2.24,19,310.84,149.7,161.14,5.92,5.92,2.97,1,Class 5: Clay
16.37,1.21,29.4,1.29,2.28,19,311.03,149.8,161.23,6.05,6.05,3.01,1,Class 5: Clay
16.38,1.23,30.6,1.31,2.33,19,311.22,149.9,161.32,6.2,6.2,3.06,1,Class 5: Clay
16.39,1.3,30.1,1.39,2.17,19,311.41,149.99,161.42,6.67,6.67,2.79,1,Class 5: Clay
16.4,1.54,31.7,1.62,1.95,19,311.6,150.09,161.51,8.12,8.12,2.42,1,Class 5: Clay
16.41,1.72,42.8,1.8,2.37,19,311.79,150.19,161.6,9.23,9.23,2.87,1,Class 5: Clay
16.42,1.84,47.9,1.92,2.49,19,311.98,150.29,161.69,9.95,9.95,2.98,1,Class 5: Clay
16.43,1.95,54.2,2.03,2.67,19,312.17,150.39,161.78,10.64,10.64,3.15,1,Class 5: Clay
16.44,2.07,57.6,2.14,2.69,19,312.36,150.49,161.87,11.32,11.32,3.14,1,Class 5: Clay
16.45,2.02,56.4,2.09,2.7,19,312.55,150.58,161.97,10.97,10.97,3.18,1,Class 5: Clay
16.46,1.92,57.4,1.98,2.9,19,312.74,150.68,162.06,10.29,10.29,3.44,1,Class 5: Clay
16.47,1.78,58.3,1.84,3.17,19,312.93,150.78,162.15,9.43,9.43,3.81,1,Class 5: Clay
16.48,1.53,58.8,1.58,3.71,19,313.12,150.88,162.24,7.83,7.83,4.63,1,Class 5: Clay
16.49,1.48,59.3,1.53,3.87,19,313.31,150.98,162.33,7.52,7.52,4.86,1,Class 5: Clay
16.5,1.47,62.8,1.53,4.11,19,313.5,151.07,162.43,7.48,7.48,5.17,1,Class 5: Clay
16.51,1.51,71.7,1.56,4.59,19,313.69,151.17,162.52,7.68,7.68,5.74,1,Class 5: Clay
16.52,1.54,72.9,1.6,4.56,19,313.88,151.27,162.61,7.9,7.9,5.67,1,Class 5: Clay
16.53,1.53,74.1,1.59,4.66,19,314.07,151.37,162.7,7.84,7.84,5.81,1,Class 5: Clay
16.54,1.48,75.8,1.55,4.89,19,314.26,151.47,162.79,7.59,7.59,6.14,1,Class 5: Clay
16.55,1.41,74.8,1.47,5.08,19,314.45,151.56,162.89,7.11,7.11,6.46,1,Class 5: Clay
16.56,1.29,73.8,1.36,5.43,19,314.64,151.66,162.98,6.4,6.4,7.07,1,Class 5: Clay
16.57,1.2,72.6,1.26,5.74,19,314.83,151.76,163.07,5.82,5.82,7.65,1,Class 5: Clay
16.58,1.04,70.2,1.11,6.35,19,315.02,151.86,163.16,4.85,4.85,8.88,1,Class 5: Clay
16.59,1.02,67.2,1.07,6.26,19,315.21,151.96,163.25,4.65,4.65,8.86,1,Class 5: Clay
16.6,0.99,63,1.05,6.02,19,315.4,152.06,163.35,4.47,4.47,8.62,1,Class 5: Clay
16.61,0.98,55.3,1.04,5.33,19,315.59,152.15,163.44,4.42,4.42,7.65,1,Class 5: Clay
16.62,0.98,51.6,1.03,5,19,315.78,152.25,163.53,4.37,4.37,7.21,1,Class 5: Clay
16.63,0.98,49.9,1.04,4.81,19,315.97,152.35,163.62,4.41,4.41,6.91,1,Class 5: Clay
16.64,0.97,43.8,1.03,4.24,19,316.16,152.45,163.71,4.38,4.38,6.11,1,Class 5: Clay
16.65,0.97,45.5,1.03,4.4,19,316.35,152.55,163.8,4.38,4.38,6.35,1,Class 5: Clay
16.66,0.95,41.4,1.02,4.05,19,316.54,152.64,163.9,4.3,4.3,5.87,1,Class 5: Clay
16.67,0.95,34.2,1.03,3.34,19,316.73,152.74,163.99,4.32,4.32,4.83,1,Class 5: Clay
16.68,0.99,31.9,1.08,2.97,19,316.92,152.84,164.08,4.62,4.62,4.21,1,Class 5: Clay
16.69,1.04,32.3,1.12,2.88,19,317.11,152.94,164.17,4.9,4.9,4.02,1,Class 5: Clay
16.7,1.11,32.7,1.2,2.72,19,317.3,153.04,164.26,5.39,5.39,3.69,1,Class 5: Clay
16.71,1.26,34.8,1.36,2.56,19,317.49,153.13,164.36,6.33,6.33,3.35,1,Class 5: Clay
16.72,1.36,36.6,1.46,2.51,19,317.68,153.23,164.45,6.93,6.93,3.21,1,Class 5: Clay
16.73,1.42,37.4,1.52,2.47,19,317.87,153.33,164.54,7.29,7.29,3.12,1,Class 5: Clay
16.74,1.44,37,1.53,2.42,19,318.06,153.43,164.63,7.34,7.34,3.06,1,Class 5: Clay
16.75,1.39,36.6,1.47,2.49,19,318.25,153.53,164.72,6.97,6.97,3.19,1,Class 5: Clay
16.76,1.17,36.1,1.25,2.88,19,318.44,153.62,164.82,5.67,5.67,3.86,1,Class 5: Clay
16.77,1.09,35.8,1.16,3.08,19,318.63,153.72,164.91,5.12,5.12,4.24,1,Class 5: Clay
16.78,1.04,35.8,1.12,3.21,19,318.82,153.82,165,4.83,4.83,4.49,1,Class 5: Clay
16.79,1.02,35.9,1.1,3.27,19,319.01,153.92,165.09,4.71,4.71,4.61,1,Class 5: Clay
16.8,1.04,37.2,1.12,3.33,19,319.2,154.02,165.18,4.84,4.84,4.65,1,Class 5: Clay
16.81,1.05,38.4,1.14,3.37,19,319.39,154.12,165.27,4.96,4.96,4.68,1,Class 5: Clay
16.82,1.09,39.4,1.18,3.34,19,319.58,154.21,165.37,5.21,5.21,4.58,1,Class 5: Clay
16.83,1.11,39.6,1.2,3.3,19,319.77,154.31,165.46,5.33,5.33,4.49,1,Class 5: Clay
16.84,1.11,37.9,1.21,3.14,19,319.96,154.41,165.55,5.35,5.35,4.28,1,Class 5: Clay
16.85,1.1,36.1,1.2,3.01,19,320.15,154.51,165.64,5.3,5.3,4.11,1,Class 5: Clay
16.86,1.13,31.3,1.22,2.56,19,320.34,154.61,165.73,5.44,5.44,3.47,1,Class 5: Clay
16.87,1.15,35.8,1.24,2.88,19,320.53,154.7,165.83,5.57,5.57,3.88,1,Class 5: Clay
16.88,1.26,30.4,1.36,2.24,19,320.72,154.8,165.92,6.24,6.24,2.94,1,Class 5: Clay
16.89,1.55,28,1.64,1.7,19,320.91,154.9,166.01,7.97,7.97,2.12,1,Class 5: Clay
16.9,1.69,29.8,1.79,1.67,19,321.1,155,166.1,8.83,8.83,2.03,1,Class 5: Clay
16.91,1.81,29.2,1.9,1.53,19,321.29,155.1,166.19,9.52,9.52,1.85,1,Class 4: Clayey silt to silty clay
16.92,1.82,29.3,1.9,1.54,19,321.48,155.19,166.29,9.5,9.5,1.85,1,Class 4: Clayey silt to silty clay
16.93,1.76,29.3,1.84,1.59,19,321.67,155.29,166.38,9.13,9.13,1.93,1,Class 4: Clayey silt to silty clay
16.94,1.55,30.4,1.62,1.87,19,321.86,155.39,166.47,7.82,7.82,2.33,1,Class 5: Clay
16.95,1.42,30.9,1.5,2.07,19,322.05,155.49,166.56,7.05,7.05,2.63,1,Class 5: Clay
16.96,1.3,30.7,1.37,2.24,19,322.24,155.59,166.65,6.3,6.3,2.92,1,Class 5: Clay
16.97,1.19,31.1,1.27,2.45,19,322.43,155.68,166.75,5.67,5.67,3.29,1,Class 5: Clay
16.98,1.03,31.3,1.1,2.84,19,322.62,155.78,166.84,4.68,4.68,4.01,1,Class 5: Clay
16.99,0.98,31.5,1.06,2.96,19,322.81,155.88,166.93,4.43,4.43,4.26,1,Class 5: Clay
17,0.95,31.4,1.03,3.04,19,323,155.98,167.02,4.26,4.26,4.42,1,Class 5: Clay
17.01,0.93,31.7,1.02,3.11,19,323.19,156.08,167.11,4.17,4.17,4.55,1,Class 5: Clay
17.02,0.92,31.9,1.01,3.15,19,323.38,156.18,167.2,4.12,4.12,4.63,1,Class 5: Clay
17.03,0.94,32.2,1.03,3.13,19,323.57,156.27,167.3,4.21,4.21,4.57,1,Class 5: Clay
19.94,1.05,0,1.15,0,19,378.86,184.82,194.04,3.96,3.96,0,1,Class 1: Gravelly sand to dense sand
19.95,1,0,1.1,0,19,379.05,184.92,194.13,3.73,3.73,0,1,Class 1: Gravelly sand to dense sand
19.96,0.95,0,1.06,0,19,379.24,185.02,194.22,3.5,3.5,0,1,Class 1: Gravelly sand to dense sand
19.97,0.93,0,1.04,0,19,379.43,185.11,194.32,3.39,3.39,0,1,Class 1: Gravelly sand to dense sand
19.98,0.92,0,1.04,0,19,379.62,185.21,194.41,3.39,3.39,0,1,Class 1: Gravelly sand to dense sand
19.99,0.92,0,1.04,0,19,379.81,185.31,194.5,3.39,3.39,0,1,Class 1: Gravelly sand to dense sand
20,0.92,0,1.04,0,19,380,185.41,194.59,3.39,3.39,0,1,Class 1: Gravelly sand to dense sand
40.13,4.91,105.1,4.91,2.14,19,762.47,393.68,368.79,11.25,11.25,2.53,1,Class 4: Clayey silt to silty clay
40.14,4.82,104.5,4.82,2.17,19,762.66,393.77,368.89,11.01,11.01,2.57,1,Class 4: Clayey silt to silty clay
40.3,5.77,148.1,5.77,2.57,19,765.7,395.34,370.36,13.5,13.5,2.96,1,Class 4: Clayey silt to silty clay
40.31,7.21,163.1,7.21,2.26,19,765.89,395.44,370.45,17.39,17.39,2.53,1,Class 4: Clayey silt to silty clay
40.32,7.8,150.2,7.8,1.93,19,766.08,395.54,370.54,18.98,18.98,2.14,1,Class 4: Clayey silt to silty clay
40.33,7.67,178.8,7.67,2.33,19,766.27,395.64,370.63,18.63,18.63,2.59,1,Class 4: Clayey silt to silty clay
40.34,6.66,198.7,6.66,2.98,19,766.46,395.74,370.72,15.9,15.9,3.37,1,Class 4: Clayey silt to silty clay
40.48,5.04,0,5.04,0,19,769.12,397.11,372.01,11.47,11.47,0,1,Class 1: Gravelly sand to dense sand
40.49,5.88,0,5.88,0,19,769.31,397.21,372.1,13.72,13.72,0,1,Class 1: Gravelly sand to dense sand
40.5,6.92,0,6.92,0,19,769.5,397.31,372.2,16.53,16.53,0,1,Class 1: Gravelly sand to dense sand
40.51,8.78,0,8.78,0,19,769.69,397.4,372.29,21.52,21.52,0,1,Class 1: Gravelly sand to dense sand
40.52,9.88,0,9.88,0,19,769.88,397.5,372.38,24.48,24.48,0,1,Class 1: Gravelly sand to dense sand
40.53,10.31,0,10.31,0,19,770.07,397.6,372.47,25.61,25.61,0,1,Class 1: Gravelly sand to dense sand
40.54,10.33,0,10.33,0,19,770.26,397.7,372.56,25.67,25.67,0,1,Class 1: Gravelly sand to dense sand
